"","mse","r_squared","param_bias","causal_effect_bias","coverage","open_paths","blocked_paths","z_inclusion","benchmark"
"linear",8.88907209977895e-05,0.765685126856639,-2.40481009707226,-0.905805958940127,0,1,1,1,720279.83
"stepwise",8.91737192433208e-05,0.765600800406909,-2.40474929034363,-0.90582558043925,0,1,1,1,4439483.91
"LASSO",0.0106408229676359,0.996931389626135,-2.43900255516227,-0.87194741656826,NA,1,1,1,9667692.49
"least_angle",0.0106184195497697,0.765537819013217,-2.31017186548099,-0.90593574573957,NA,1,1,1,1027015.15
"inf_fwd_stage",0.0106119543824728,0.765645194874917,-2.31004374741063,-0.905828089361147,NA,1,1,1,380680.1664
