"","mse","r_squared","param_bias","causal_effect_bias","coverage","open_paths","blocked_paths","z_inclusion","benchmark"
"linear",4.61921397693295e-05,0.780914020133818,-3.3663099167253,-0.930592196180844,0,2,2,1,666352.59
"stepwise",4.61921397693295e-05,0.780914020133818,-3.3663099167253,-0.930592196180844,0,2,2,1,2526673.29
"LASSO",0.01028783022327,0.997743477581911,-3.48250014141049,-0.872742476807218,NA,2,2,1,10254264.515
"least_angle",0.0102306086904133,0.780914020133818,-3.29719974401644,-0.930592196180843,NA,2,2,1,961504
