"","intercept","X","Z1"
"true_values",1,1,NA
"linear",0.490637499322484,0.188652542062559,-0.00013854933407381
"stepwise",0.49062420648261,0.18865766283792,NA
"LASSO",0.490627765504303,0.188654239331354,-4.53389663948702e-05
"least_angle",0.489069964092455,0.188157850157632,-9.68409865702144e-05
"inf_fwd_stage",0.489069964092455,0.188157850157632,-9.68409865702144e-05
