"","r_squared","bias","benchmark"
"stepwise",0.723724709111462,NA,7259256.1
"LASSO",0.649531221536918,NA,24370725.85
