"","mse","r_squared","param_bias","causal_effect_bias","coverage","open_paths","blocked_paths","z_inclusion","benchmark"
"linear",3.03003901735859e-05,0.837335255738472,-4.32163722520588,-0.94714652226797,0,3,3,1,776169.7
"stepwise",3.04131392890124e-05,0.837349705145324,-4.32135754069388,-0.947287918816658,0,3,3,1,6838568.1
"LASSO",0.00813012782566614,0.998351077676267,-4.486909106453,-0.892223736170151,NA,3,3,1,10235653.1
"least_angle",0.00802188999551941,0.837335255738472,-4.27877864158368,-0.947146522267959,NA,3,3,1,1333013.3
