"","intercept","X","Z1","Z2","Z3","Z4","Z5","Z6","Z7","Z8","Z9","Z10","Z11"
"true_values",1,1,1,1,1,1,1,1,1,1,1,1,NA
"linear",0.480974937201332,0.0301288000408754,0.0302548546633256,0.0302489927679927,0.0302756209265199,0.0303011882418595,0.0302510885636803,0.0302667368868186,0.0302349175941957,0.0303067394929855,0.0302555161926273,0.030213953053098,-3.83466209755227e-06
"stepwise",0.480967004714519,0.0301351813361734,0.0302480193150679,0.0302419613449913,0.0302717916555856,0.0302925553174818,0.0302440081612723,0.030258658332551,0.0302285401812478,0.0302998007371529,0.030247521670767,0.0302076821183396,NA
"LASSO",0.450749059435081,0.0603627475856905,1.90164473353197e-06,1.41349371581273e-05,2.33250179500383e-06,7.4374177921706e-06,-2.91837393149408e-06,-3.20839521197494e-06,-2.87551291227997e-07,1.62395351987954e-05,-3.25511841072574e-06,1.89691373247198e-06,-3.9969310913182e-06
"least_angle",0.508944532843797,0.030128800040879,0.030254854663322,0.030248992767989,0.0302756209265162,0.0303011882418559,0.0302510885636766,0.030266736886815,0.030234917594192,0.0303067394929818,0.0302555161926236,0.0302139530530943,-3.83466209758569e-06
"inf_fwd_stage",0.508944532843797,0.0301517372429337,0.0302316061197004,0.0302259505930712,0.0302523912933426,0.0302782066870078,0.0302283321019462,0.030243894526089,0.0302118845822922,0.0302836642808595,0.0302323254409976,0.0301912525868028,-3.87667206279107e-06
