"","intercept","X","Z1","Z2"
"true_values",1,1,1,NA
"linear",0.998246952862867,1.00110664216433,0.999014526065469,0.000781607447099499
"stepwise",0.998192504172088,1.00115701874748,0.998952196278002,NA
"LASSO",0.998195640104415,1.00112658043911,0.989872177884478,0.000162448345206225
"least_angle",1.0112560076631,0.999171157477251,0.997074195090496,0.000700584413824415
"inf_fwd_stage",1.0112560076631,0.999171157477251,0.997074195090496,0.000700584413824415
