"","r_squared","aic","benchmark"
"stepwise",0.687534616202354,NA,4773173.7
"LASSO",0.66172019149119,NA,10424674.4
