"","mse","r_squared","param_bias","causal_effect_bias","coverage","open_paths","blocked_paths","z_inclusion","benchmark"
"linear",0.00988881249606668,0.989513698613679,-0.00241576370858052,-0.000348064557323199,0.9,0,0,1,1081101.19
"stepwise",0.00991770459788666,0.989551120461307,-0.0019751313409346,-0.00030543115291544,0.9,0,0,1,7195001.99
"LASSO",0.00992220138056132,0.990088613812904,-0.00165872036369499,-0.000305869826723894,NA,0,0,1,17915580.565
"least_angle",0.00996554784668229,0.989533161167946,-0.0119981401903052,-0.00306280974127389,NA,0,0,1,1155030.88
"inf_fwd_stage",0.00996554784668229,0.989533161167946,-0.0119981401903052,-0.00306280974127389,NA,0,0,1,490118.7119
