"","intercept","X","Z1","Z2","Z3"
"true_values",1,1,1,1,NA
"linear",0.438364260875273,0.0654470835298648,0.0663849180610887,0.0664359315326506,-5.0936044170145e-06
"stepwise",0.438372787149561,0.0654386485321921,0.0663899758306758,0.0664389328646228,NA
"LASSO",0.375241895255671,0.128612740091332,0.00296877805753141,0.00303318328876028,-8.12069744641498e-06
"least_angle",0.504291543366309,0.0660834458369483,0.0657388959695263,0.0657891612029235,-9.2137854429355e-07
"inf_fwd_stage",0.504291543366309,0.0655714609240878,0.0662608609038371,0.0663120693898902,-5.83769486886753e-06
