"","intercept","X","Z1","Z2"
"true_values",1,1,1,NA
"linear",0.405099736348837,0.0941940410598725,0.0959344752841474,-3.83497651215682e-05
"stepwise",0.405122409061811,0.0941744195607501,0.0959566247486932,NA
"LASSO",0.37119121893557,0.12805258343174,0.0617842949140742,-3.06524436571667e-05
"least_angle",0.50000531310495,0.0940642542604298,0.0958095795091004,-5.10123554701225e-05
"inf_fwd_stage",0.50000531310495,0.0941719106388531,0.0958269407258293,-4.79118802593355e-05
