"","mse","r_squared","param_bias","causal_effect_bias","coverage","open_paths","blocked_paths","z_inclusion","benchmark"
"linear",1.72376859278898e-05,0.779104321687967,-6.29144759556266,-0.957503484892061,0,5,5,1,1159545.49
"stepwise",1.7280165515352e-05,0.77912974977542,-6.29159021411983,-0.957478532031478,0,5,5,1,5668625.41
"LASSO",0.010554103191209,0.999018772294422,-6.50466522028403,-0.914925212105222,NA,5,5,1,9028128.055
"least_angle",0.0105421936561975,0.779104097692088,-6.24957634263395,-0.957486558634398,NA,5,5,1,1089848.56
"inf_fwd_stage",0.0105420843418448,0.779106357724276,-6.24965295665639,-0.95746746436622,NA,5,5,1,686576.775
