"","intercept","X","Z1","Z2","Z3","Z4","Z5"
"true_values",1,1,1,1,1,1,1
"linear",0.448974406577946,0.0426083573358843,0.0439351212245635,0.043977999557418,0.0439551131983939,0.0439533828676881,0.044003509113693
"stepwise",0.448974406577946,0.0426083573358843,0.0439351212245635,0.043977999557418,0.0439551131983939,0.0439533828676881,0.044003509113693
"LASSO",0.405110840966509,0.086471893679306,-7.12669301388185e-07,1.81588243133171e-05,2.6990769799832e-05,2.56289439351763e-05,3.25915761348204e-05
"least_angle",0.495072773998069,0.0426083573358884,0.0439351212245593,0.0439779995574139,0.0439551131983898,0.043953382867684,0.0440035091136889
