"","r_squared","param_bias","open_paths","blocked_paths","benchmark"
"linear",0.832916143894235,NA,3,3,1705451.3
"stepwise",0.833049580847875,NA,3,3,9246490.3
"LASSO",0.666144149320414,NA,3,3,21787269.85
