"","intercept","X","Z1","Z2","Z3"
"true_values",1,1,1,1,NA
"linear",1.00746514945531,0.992479811231443,1.00608825649489,1.00661480660804,-0.00138417769431093
"stepwise",1.00756317120058,0.992431565956398,1.00616983948443,1.00667245419772,NA
"LASSO",0.0388882733147218,1.95999659558905,0.0348062873481675,0.0349203887509125,-0.000477901052776131
"least_angle",2.03389672525433,1.00573530779552,0.992594255031639,0.993148572201846,-0.00138570783829235
"inf_fwd_stage",2.03389672525433,0.997413944726339,1.00114162988034,1.00167083625413,-0.00139243450162305
