"","mse","r_squared","param_bias","causal_effect_bias","coverage","open_paths","blocked_paths","z_inclusion","benchmark"
"linear",1.78796833899105e-05,0.80112329679368,-6.28859211012441,-0.957391642664116,0,5,5,1,801188.54
"stepwise",1.78796833899105e-05,0.80112329679368,-6.28859211012441,-0.957391642664116,0,5,5,1,2930271.85
"LASSO",0.00971110419658857,0.998971993697143,-6.5083146079093,-0.913528106320694,NA,5,5,1,9670863.765
"least_angle",0.00969335253316936,0.80112329679368,-6.24249374270431,-0.957391642664112,NA,5,5,1,1043477.71
