"","mse","r_squared","param_bias","causal_effect_bias","coverage","open_paths","blocked_paths","z_inclusion","benchmark"
"linear",0.00903379389040016,0.999695588570716,0.040887046042848,-0.0037872366009544,0.98,10,10,1,2054478.42
"stepwise",0.00905828322285959,0.99969669128262,0.0389571863093105,-0.00353906993151627,0.98,10,10,1,14333759.07
"LASSO",0.0203649257355803,0.999505649399297,-9.9987185247269,0.99917968171636,NA,10,10,1,18112745.255
"least_angle",0.0112363994618701,0.999695563578263,1.03412510501305,-0.00352288808273403,NA,10,10,1,2318857.37
"inf_fwd_stage",0.0112353443626117,0.999695597695687,1.03579998003486,-0.0037101522692737,NA,10,10,1,2166288.7263
