"","r_squared","bias","benchmark"
"stepwise",0.615477320189522,NA,3626835.9
"LASSO",0.696491310053662,NA,11139565.15
