"","mse","r_squared","param_bias","causal_effect_bias","coverage","open_paths","blocked_paths","z_inclusion","benchmark"
"linear",0.000355645191601132,0.784910259193891,-1.32084850794903,-0.811347457937441,0,0,0,1,758690.97
"stepwise",0.000356558304297329,0.784753698785618,-1.32084773034662,-0.81134233716208,0,0,0,1,4059200.53
"LASSO",0.00991556654515282,0.990166127642889,-1.32076333413074,-0.811345760668646,NA,0,0,1,9635639.45
"least_angle",0.00994990960097215,0.784268106779524,-1.32286902673648,-0.811842149842368,NA,0,0,1,921134.72
"inf_fwd_stage",0.00994990960097215,0.784268106779524,-1.32286902673648,-0.811842149842368,NA,0,0,1,247855.6835
