"","mse","r_squared","param_bias","causal_effect_bias","coverage","open_paths","blocked_paths","z_inclusion","benchmark"
"linear",0.00857619961564469,0.999851335304871,0.171168309494222,-0.00858824590710924,0.92,20,20,1,3421108.93
"stepwise",0.00860300870433314,0.999851627038135,0.16368862733993,-0.00820315915542113,0.92,20,20,1,21214232.09
"LASSO",0.0190003871071684,0.999759263067652,-19.9993880991572,0.99932824314958,NA,20,20,1,17989674.685
"least_angle",0.0114079106560553,0.999851297920626,1.13008894272063,-0.00774746003653386,NA,20,20,1,3328132.77
"inf_fwd_stage",0.0114052808818581,0.999851335304871,1.14605546675084,-0.00858824590739816,NA,20,20,1,4455075.1945
