"","r_squared","benchmark"
"stepwise",0.598972015676437,3228273.3
"LASSO",0.676841768483653,11202313.45
