"","intercept","X","Z1","Z2","Z3","Z4","Z5","Z6","Z7","Z8","Z9","Z10"
"true_values",1,1,1,1,1,1,1,1,1,1,1,1
"linear",0.471470278136344,0.0306628999788008,0.030636305112144,0.0306108934450485,0.0306464611198289,0.0306983068324868,0.0306067283088543,0.0306488535342216,0.0306681392514332,0.0306320780250838,0.0306667370801456,0.0306641974794618
"stepwise",0.471470278136344,0.0306628999788008,0.030636305112144,0.0306108934450485,0.0306464611198289,0.0306983068324868,0.0306067283088543,0.0306488535342216,0.0306681392514332,0.0306320780250838,0.0306667370801456,0.0306641974794618
"LASSO",0.44089189542092,0.0612771086878983,-5.43734435505309e-06,-6.43589435531854e-06,1.3431117140144e-05,1.09941783196053e-05,4.82002508816544e-06,1.68725166051709e-05,-1.67816232426297e-06,1.48965115184664e-05,1.20968841551951e-06,1.31774739101742e-05
"least_angle",0.504536114607509,0.0306628999788026,0.0306363051121421,0.0306108934450468,0.0306464611198271,0.030698306832485,0.0306067283088526,0.0306488535342199,0.0306681392514313,0.030632078025082,0.0306667370801438,0.0306641974794601
