"","mse","r_squared","param_bias","causal_effect_bias","coverage","open_paths","blocked_paths","z_inclusion","benchmark"
"linear",9.16379611859549e-05,0.812926278203405,-2.38955641893261,-0.903751833101202,0,1,1,1,606929.75
"stepwise",9.16379611859549e-05,0.812926278203405,-2.38955641893261,-0.903751833101202,0,1,1,1,2336386.54
"LASSO",0.00861881512949026,0.997391030834129,-2.40597500798031,-0.887443868466717,NA,1,1,1,9674650.23
"least_angle",0.00860892304359889,0.812926278203405,-2.29385790807186,-0.903751833101204,NA,1,1,1,769901.71
