"","mse","r_squared","param_bias","causal_effect_bias","coverage","open_paths","blocked_paths","z_inclusion","benchmark"
"linear",3.05043870535943e-05,0.793535761598384,-4.34085171480884,-0.944884201713761,0,3,3,1,847143.3
"stepwise",3.06094523845229e-05,0.793611433473289,-4.34088505514769,-0.944899135725303,0,3,3,1,4587220.5
"LASSO",0.0105008370190383,0.998174846236679,-4.50707626214297,-0.889585525247874,NA,3,3,1,8886728.95
"least_angle",NA,NA,-4.28164109220049,-0.944884201713766,NA,3,0,0,1175442.1
