"","mse","r_squared","param_bias","causal_effect_bias","coverage","open_paths","blocked_paths","z_inclusion","benchmark"
"linear",8.99379736618497e-06,0.783882805440562,-11.1913881216961,-0.969337100021199,0,10,10,1,1005201.99
"stepwise",8.99379736618497e-06,0.783882805440562,-11.1913881216961,-0.969337100021199,0,10,10,1,3466517.67
"LASSO",0.0100420463170677,0.999478733234636,-11.4977691457812,-0.938722891312102,NA,10,10,1,9243502.995
"least_angle",0.0100204782015042,0.783882805440562,-11.158322285225,-0.969337100021197,NA,10,10,1,1174197.67
