"","intercept","X","Z1","Z2"
"true_values",1,1,1,1
"linear",0.42723650281777,0.0694078038191557,0.0685192985998936,0.0685264780378836
"stepwise",0.42723650281777,0.0694078038191557,0.0685192985998936,0.0685264780378836
"LASSO",0.369406098615829,0.127257523192782,0.0104343847242585,0.0104018520566369
"least_angle",0.496346675526624,0.0694078038191572,0.0685192985998921,0.0685264780378821
