"","r_squared","param_bias","open_paths","blocked_paths","benchmark"
"linear",0.78148916344426,-4.32632099851691,3,3,1461302.4
"stepwise",0.7823462951125,-4.32568441794888,3,3,9758877.7
"LASSO",0.925889737400153,-4.33244261457315,3,3,20007309.9
