"","mse","r_squared","param_bias","causal_effect_bias","coverage","open_paths","blocked_paths","z_inclusion","benchmark"
"linear",3.01087972585118e-05,0.736665222109394,-4.30431808555939,-0.942828505519083,0,3,3,1,834077.6
"stepwise",3.01770754455072e-05,0.736718095862499,-4.30415313972911,-0.942867154814806,0,3,3,1,7915128.4
"LASSO",0.0143363891738859,0.998298048144918,-4.46330674965434,-0.889984495433908,NA,3,3,1,11905610.4
"least_angle",0.0143424920365187,0.736665807155206,-4.25457082738164,-0.942275644827658,NA,3,3,1,1181122.9
