"","r_squared","param_bias","open_paths","blocked_paths","benchmark"
"linear",0.845594395496732,0,3,3,1470738.5
"stepwise",0.845594395496732,0,3,3,5162047.3
"LASSO",0.925412946836061,0,3,3,20165122.6
