"","intercept","X","Z1","Z2","Z3","Z4"
"true_values",1,1,1,1,1,NA
"linear",0.479628938439405,0.0571714944809172,0.0530280828947787,0.0528935515229995,0.0529932009441576,-3.33538416516613e-05
"stepwise",0.479665688759238,0.0571328451851942,0.0530741185772478,0.0529430596612927,0.0530311480879225,NA
"LASSO",0.426612385416516,0.110015504566092,5.03274932105193e-05,0,4.59456842093023e-05,-3.0912814366342e-05
"least_angle",0.530473418003995,0.0577243551723419,0.0524770734040429,0.0523474672079871,0.0524392902535992,-3.24314236072837e-05
