"","mse","r_squared","param_bias","causal_effect_bias","coverage","open_paths","blocked_paths","z_inclusion","benchmark"
"linear",0.00945518386434076,0.999403359598874,0.0255268322802015,-0.0047506996844985,0.95,5,5,1,2014968.61
"stepwise",0.00948574570669125,0.999404809908184,0.0239842175048197,-0.00423870369739386,0.95,5,5,1,11671249.5
"LASSO",0.0206628811295654,0.999010261836716,-4.99635986176469,0.998017296111925,NA,5,5,1,18779001.18
"least_angle",0.0108297732606323,0.999403235062112,1.03851623073006,-0.00338227344397532,NA,5,5,1,1847625.68
"inf_fwd_stage",0.0108179342174616,0.999403862953462,1.03091211515198,-0.00147305182973569,NA,5,5,1,1384900.6297
