"","r_squared","param_bias","open_paths","blocked_paths","benchmark"
"linear",0.784586796710635,NA,3,3,1354175.5
"stepwise",0.784586796710635,NA,3,3,4871985.4
"LASSO",0.609334146407935,NA,3,3,20231235.55
