"","intercept","X","Z1"
"true_values",1,1,1
"linear",0.419378069917716,0.0962481668987981,0.0948173442508779
"stepwise",0.419378069917716,0.0962481668987981,0.0948173442508779
"LASSO",0.403084780068565,0.112556131533283,0.0783840804178375
"least_angle",0.515076580778461,0.0962481668987964,0.0948173442508796
