"","intercept","X","Z1"
"true_values",1,1,NA
"linear",0.998780845284607,0.999651935442677,-0.000848544435864261
"stepwise",0.998806038386093,0.999694568847085,NA
"LASSO",0.998808335942565,0.999694130173276,-0.00016118647953564
"least_angle",0.991966511545599,0.996937190258726,-0.000901841994630207
"inf_fwd_stage",0.991966511545599,0.996937190258726,-0.000901841994630207
