"","intercept","X","Z1","Z2","Z3","Z4"
"true_values",1,1,1,1,1,NA
"linear",0.459916179347847,0.0528534777320301,0.0551549255638105,0.0550492965647047,0.0552315312246581,0.000157364361065309
"stepwise",0.460062176635118,0.0527120811833421,0.0552986106294689,0.0551836190364817,0.0553810074010431,NA
"LASSO",0.40516431907545,0.107776263829849,6.98293324820202e-05,1.77668541043427e-20,8.26580915397716e-05,-2.17678232098217e-06
"least_angle",0.502774762970072,0.0528534777320413,0.0551549255637993,0.0550492965646935,0.0552315312246468,0.000157364361065313
