"","mse","r_squared","param_bias","causal_effect_bias","coverage","open_paths","blocked_paths","z_inclusion","benchmark"
"linear",4.26243704835868e-05,0.772291097089977,-3.36337289960554,-0.934552916470135,0,2,2,1,951407.66
"stepwise",4.2748805462184e-05,0.772270035495255,-3.36336114026753,-0.934561351467808,0,2,2,1,4877403.45
"LASSO",0.0108199750667548,0.997600878948477,-3.49015152400415,-0.871387259908668,NA,2,2,1,9628099.4
"least_angle",0.0107568065899292,0.772270622901295,-3.29809787500284,-0.933916554163052,NA,2,2,1,1001978.02
"inf_fwd_stage",0.0107558802640543,0.772286835657834,-3.29756990311075,-0.934428539075912,NA,2,2,1,478016.5787
