"","mse","r_squared","param_bias","causal_effect_bias","coverage","open_paths","blocked_paths","z_inclusion","benchmark"
"linear",0.00956526278318673,0.998641549060442,0.0112638460953739,-0.0075201887685567,0.91,2,2,1,1564707.11
"stepwise",0.0095942563177838,0.998643707200692,0.0127949554839992,-0.00756843404360241,0.91,2,2,1,9463680.17
"LASSO",0.0195804689979461,0.99751238986768,-1.93186635604992,0.95999659558905,NA,2,2,1,19451643.285
"least_angle",0.0102260059644857,0.998643323267234,1.02398915244504,0.00573530779551919,NA,2,2,1,1597250.52
"inf_fwd_stage",0.0102483788266085,0.998640312076715,1.03273070161351,-0.00258605527366076,NA,2,2,1,983960.9772
