"","mse","r_squared","param_bias","causal_effect_bias","coverage","open_paths","blocked_paths","z_inclusion","benchmark"
"linear",3.26013096563666e-05,0.737653432892931,-4.34168499876948,-0.943379631614569,0,3,3,1,874622.1
"stepwise",3.27123867118615e-05,0.737490168845741,-4.34207527950782,-0.943277570437428,0,3,3,1,5264654.9
"LASSO",0.0106135248229616,0.998263524429026,-4.50639199124532,-0.888581292686086,NA,3,3,1,12647021.8
