"","mse","r_squared","param_bias","causal_effect_bias","coverage","open_paths","blocked_paths","z_inclusion","benchmark"
"linear",8.38427730970451e-06,0.716137656573123,-11.1862904890368,-0.969871199959125,0,10,10,1,1266118.26
"stepwise",8.4041749740984e-06,0.716131211843591,-11.1863449151129,-0.969864818663827,0,10,10,1,7647343.75
"LASSO",0.0135519525819209,0.999503770141048,-11.4888579163988,-0.93963725241431,NA,10,10,1,9219391.055
"least_angle",0.0135328379451211,0.716137656573123,-11.1583208933944,-0.969871199959121,NA,10,10,1,1406255.56
"inf_fwd_stage",0.0135328423197765,0.716137607351799,-11.1585280983732,-0.969848262757066,NA,10,10,1,1096231.7146
