"","intercept","X","Z1","Z2","Z3","Z4","Z5","Z6","Z7","Z8","Z9","Z10","Z11"
"true_values",1,1,1,1,1,1,1,1,1,1,1,1,NA
"linear",1.00400906733804,0.996212763399046,1.00441414273682,1.0038445563831,1.00460916743443,1.00555011060298,1.00377548450501,1.00473598278289,1.00445841368573,1.00359060465037,1.00191555335392,1.0040741212085,-0.000302922037985096
"stepwise",1.00385000240991,0.996460930068484,1.00416166970402,1.00355375101188,1.00431000798561,1.00528795607541,1.00350427947439,1.00444756346294,1.00418999182283,1.00332730649121,1.00174871598916,1.00386172800673,NA
"LASSO",0.000592332349508276,1.99917968171636,0.000223876390485618,7.46601129973699e-05,0.000195163542036479,0.000236844768025928,0.000298770077041596,0.000442695225711327,0.000228944554627613,5.37147761527639e-05,-0.00016865261587082,9.86976571003811e-05,-0.000175253281076705
"least_angle",1.9996180896447,0.996477111917266,1.00414843285023,1.00358006308303,1.0043445248174,1.00528504545322,1.0035117972412,1.00447541820378,1.00419549174049,1.00332784973625,1.0016526337884,1.0038108668622,-0.00030222032513429
"inf_fwd_stage",1.9996180896447,0.996289847730726,1.00433736852192,1.00376818248626,1.00453141659262,1.00547262661887,1.0036983978171,1.00465905316365,1.00438116712341,1.00351200115535,1.00183798319314,1.00399689171501,-0.000303045727908332
