"","r_squared","benchmark"
"stepwise",0.662950738783499,2811040.1
"LASSO",0.694291258234594,13423023.45
