"","intercept","X","Z1","Z2","Z3","Z4"
"true_values",1,1,1,1,1,NA
"linear",0.437232547875236,0.0551157982862394,0.0555480237996518,0.0554490401514362,0.0557336682963141,6.92067822799097e-05
"stepwise",0.437261878230105,0.0551008642746969,0.0555671639084975,0.055458766392415,0.0557410583845022,NA
"LASSO",0.382153184248555,0.110414474752126,8.21924304223008e-05,5.2707125496454e-05,0.000160511629308243,6.06676711236322e-05
"least_angle",0.49644317048358,0.0551157982862338,0.0555480237996574,0.0554490401514419,0.0557336682963196,6.92067822799196e-05
