"","r_squared","benchmark"
"stepwise",-0.13252321235323,9161749.3
"LASSO",-3.31037808933528,10234074.45
