"","mse","r_squared","param_bias","causal_effect_bias","coverage","open_paths","blocked_paths","z_inclusion","benchmark"
"linear",3.83384099742315e-06,0.765006389493364,-21.0688916287366,-0.978642261982246,0,20,20,1,2115465.03
"stepwise",3.84612735885589e-06,0.765001918478829,-21.06907455404,-0.97863231050756,0,20,20,1,10414016
"LASSO",0.010868059569062,0.999756934074547,-21.496145492529,-0.957292884997706,NA,20,20,1,8801860.745
"least_angle",0.0108574989568362,0.765006389493364,-21.0475506411735,-0.978642261982242,NA,20,20,1,1962924.28
"inf_fwd_stage",0.0108574989568362,0.765006389493364,-21.0475506411734,-0.97864226198225,NA,20,20,1,2282716.1954
