"","intercept","X","Z1"
"true_values",1,1,NA
"linear",1.00063582052888,1.00128362199792,-0.000195192022563793
"stepwise",1.00064161865903,1.00128526800613,NA
"two_step_LASSO",1.00077338352288,1.00137804163286,NA
"two_step_least_angle",1.00077338352288,1.00137804163286,NA
"two_step_inf_fwd_stage",1.00077338352288,1.00137804163286,NA
