"","intercept","X","Z1"
"true_values",1,1,NA
"linear",0.999909090976875,0.999930145872939,0.000517725345718531
"stepwise",0.999926190790246,0.999892013420334,NA
"two_step_LASSO",0.999933103879904,0.9998890120647,NA
"two_step_least_angle",0.999933103879904,0.9998890120647,NA
"two_step_inf_fwd_stage",0.999933103879904,0.9998890120647,NA
