"","intercept","X","Z1"
"true_values",1,1,NA
"linear",1.00185133342879,0.999628921277162,0.000495081926469012
"stepwise",1.00190491167648,0.999606470630888,NA
"two_step_LASSO",1.00188057767717,0.999603876144386,NA
"two_step_least_angle",1.00188057767717,0.999603876144386,NA
"two_step_inf_fwd_stage",1.00188057767717,0.999603876144386,NA
