"","intercept","X","Z1"
"true_values",1,1,NA
"linear",0.999897029524982,1.00112685165124,-0.000744131081828616
"stepwise",0.999916896626198,1.00117606543856,NA
"two_step_LASSO",0.999877563792997,1.00106412876784,NA
"two_step_least_angle",0.999877563792997,1.00106412876784,NA
"two_step_inf_fwd_stage",0.999877563792997,1.00106412876784,NA
