"","intercept","X","Z1"
"true_values",1,1,NA
"linear",0.999309344091656,1.00090219828366,0.000328182898318295
"stepwise",0.999281909936334,1.00092933398889,NA
"two_step_LASSO",0.999290899778531,1.00090753783432,NA
"two_step_least_angle",0.999290899778531,1.00090753783432,NA
"two_step_inf_fwd_stage",0.999290899778531,1.00090753783432,NA
