"","intercept","X","Z1"
"true_values",1,1,NA
"linear",1.00240478780133,1.00009330293242,-0.000961762080860454
"stepwise",1.00260580089815,0.999968635498438,NA
"two_step_LASSO",1.00239845502685,1.00014614463178,NA
"two_step_least_angle",1.00239845502685,1.00014614463178,NA
"two_step_inf_fwd_stage",1.00239845502685,1.00014614463178,NA
