"","intercept","X","Z1"
"true_values",1,0.5,NA
"linear",1.00307246408503,0.497054063718173,-0.00183695195078771
"stepwise",1.00307856181844,0.497156799466844,NA
"two_step_LASSO",1.00324221608174,0.496744022008133,NA
"two_step_least_angle",1.00324221608174,0.496744022008133,NA
"two_step_inf_fwd_stage",1.00324221608174,0.496744022008133,NA
