"","intercept","X","Z1"
"true_values",1,1,NA
"linear",1.00032710709498,1.00218981399461,-0.00101059795053622
"stepwise",1.00040296589242,1.00202918579365,NA
"LASSO",0.979586139275491,0.999126093186595,-0.00108378032326563
"least_angle",0.979586139275491,0.999126093186595,-0.00108378032326563
"inf_fwd_stage",0.979586139275491,0.999126093186595,-0.00108378032326563
