"","mse","r_squared","causal_effect_bias","avg_abs_param_bias","coverage","open_paths","blocked_paths","benchmark"
"linear",0.00972007159205693,0.98915581432497,-6.98541270611386e-05,0.00626871282703138,0.93,0,0,310354.3
"stepwise",0.00975764017489512,0.98917781610767,-0.000107986579666257,0.00459238500258443,0.93,0,0,3800986
"two_step_LASSO",0.00975406869859969,0.98915964762153,-0.000110987935300222,0.00475990524975129,0.93,0,0,344110
"two_step_least_angle",0.00975406869859969,0.98915964762153,-0.000110987935300222,0.00475990524975129,0.93,0,0,328097.7
"two_step_inf_fwd_stage",0.00975406869859969,0.98915964762153,-0.000110987935300222,0.00475990524975129,0.93,0,0,352788.3
