"","mse","r_squared","causal_effect_bias","avg_abs_param_bias","coverage","open_paths","blocked_paths","benchmark"
"linear",0.00978283903871277,0.962918463353236,-0.00294593628182737,0.00967891687031733,0.9,0,0,313281.4
"stepwise",0.00981845391284736,0.962928392340892,-0.002843200533156,0.00847758265749017,0.9,0,0,3463049.2
"two_step_LASSO",0.00986550890665783,0.962987512077643,-0.00325597799186684,0.00723622978932133,0.9,0,0,315090.75
"two_step_least_angle",0.00986550890665783,0.962987512077643,-0.00325597799186684,0.00723622978932133,0.9,0,0,319889.85
"two_step_inf_fwd_stage",0.00986550890665783,0.962987512077643,-0.00325597799186684,0.00723622978932133,0.9,0,0,313415.7
