"","mse","r_squared","param_bias","causal_effect_bias","coverage","open_paths","blocked_paths","z_inclusion","benchmark"
"linear",0.00978433507243591,0.989636128051048,0.000539725273631385,0.000902198283656988,0.9,0,0,1,385826.5
"stepwise",0.0098075606323845,0.98967108397937,0.000766355983733219,0.000929333988891549,0.91,0,0,1,1577093.4
"two_step_LASSO",0.00982643826265612,0.989671012547662,0.0024911814809253,0.000907537834323917,0.91,0,0,1,312321.6
"two_step_least_angle",0.00982643826265612,0.989671012547662,0.0024911814809253,0.000907537834323917,0.91,0,0,1,323855.35
"two_step_inf_fwd_stage",0.00982643826265612,0.989671012547662,0.0024911814809253,0.000907537834323917,0.91,0,0,1,315353.7
