"","mse","r_squared","param_bias","causal_effect_bias","coverage","open_paths","blocked_paths","z_inclusion","benchmark"
"linear",0.009996914344417,0.989075715621088,0.000279750094389242,0.00112685165123543,0.95,0,0,1,313345.8
"stepwise",0.0100230443783109,0.989100628713579,0.000643842357866756,0.001176065438557,0.95,0,0,1,3427579.4
"two_step_LASSO",0.0100433440724325,0.989127084806644,0.00197758887171602,0.00106412876783572,0.95,0,0,1,321584.85
"two_step_least_angle",0.0100433440724325,0.989127084806644,0.00197758887171602,0.00106412876783572,0.95,0,0,1,313013.35
"two_step_inf_fwd_stage",0.0100433440724325,0.989127084806644,0.00197758887171602,0.00106412876783572,0.95,0,0,1,323054.95
