"","mse","r_squared","param_bias","causal_effect_bias","coverage","open_paths","blocked_paths","z_inclusion","benchmark"
"linear",0.00983153861973304,0.989678876847207,0.00197533663242314,-0.000371078722838236,0.98,0,0,1,590747.6
"stepwise",0.00986075765972002,0.989721123363051,0.00245117000652124,-0.000393529369111741,0.98,0,0,1,8059969.3
"two_step_LASSO",0.00986663465648174,0.989728299811198,0.00303913466627901,-0.000396123855613613,0.98,0,0,1,635361.15
"two_step_least_angle",0.00986663465648174,0.989728299811198,0.00303913466627901,-0.000396123855613613,0.98,0,0,1,602644.2
"two_step_inf_fwd_stage",0.00986663465648174,0.989728299811198,0.00303913466627901,-0.000396123855613613,0.98,0,0,1,617805.6
