"","mse","r_squared","param_bias","causal_effect_bias","coverage","open_paths","blocked_paths","z_inclusion","benchmark"
"linear",0.00990715906991919,0.98966541017533,0.00150632313905669,0.0021898139946123,0.8,0,0,1,602903.1
"stepwise",0.0099324252924657,0.989730043784206,0.00243215168607194,0.00202918579365409,0.8,0,0,1,3074012
"LASSO",0.010016113200767,0.989704415835393,-0.0223715478611791,-0.000873906813404901,NA,0,0,1,563588.2
"least_angle",0.010016113200767,0.989704415835393,-0.0223715478611791,-0.000873906813404901,NA,0,0,1,529885.2
"inf_fwd_stage",0.010016113200767,0.989704415835393,-0.0223715478611791,-0.000873906813404901,NA,0,0,1,223897.227
