"","mse","r_squared","avg_abs_param_bias","causal_effect_bias","coverage","open_paths","blocked_paths","z_inclusion","benchmark"
"linear",0.00959981165607264,0.990316908086768,0.00562922058850433,9.33029324205192e-05,1,0,0,1,342874.2
"stepwise",0.00961920217050051,0.99033471864455,0.0044398050580808,-3.13645015624697e-05,1,0,0,1,3514974.9
"two_step_LASSO",0.00965059042567984,0.990337152624966,0.00374405252270982,0.000146144631777206,1,0,0,1,323831.5
"two_step_least_angle",0.00965059042567984,0.990337152624966,0.00374405252270982,0.000146144631777206,1,0,0,1,319811.65
"two_step_inf_fwd_stage",0.00965059042567984,0.990337152624966,0.00374405252270982,0.000146144631777206,1,0,0,1,328049.75
