"","mse","r_squared","causal_effect_bias","avg_abs_param_bias","coverage","open_paths","blocked_paths","benchmark"
"linear",0.00963775758656174,0.989352089811357,0.0012836219979154,0.0077547625203443,0.96,0,0,361001.9
"stepwise",0.0096787824056928,0.989399621487999,0.00128526800612909,0.0060264672299476,0.96,0,0,3278296.6
"two_step_LASSO",0.00969741346415055,0.989415095321788,0.00137804163285942,0.00584716800129505,0.96,0,0,335142.1
"two_step_least_angle",0.00969741346415055,0.989415095321788,0.00137804163285942,0.00584716800129505,0.96,0,0,319764.25
"two_step_inf_fwd_stage",0.00969741346415055,0.989415095321788,0.00137804163285942,0.00584716800129505,0.96,0,0,315942
