"","intercept","X","Z1","Z2"
"true_values",1,0.5,0.5,NA
"linear",0.999615336042815,0.501018581670936,0.49897908098303,0.000250090422429938
"stepwise",0.999615031070048,0.500978586377718,0.498981764276318,NA
"two_step_LASSO",0.999563390197932,0.500959823378699,0.4989940835299,NA
"two_step_least_angle",0.999563390197932,0.500959823378699,0.4989940835299,NA
"two_step_inf_fwd_stage",0.999563390197932,0.500959823378699,0.4989940835299,NA
