"","intercept","X","Z1","Z2"
"true_values",1,1,1,NA
"linear",1.00088681488354,1.00474972040068,1.00173647693248,0.00385956306434646
"stepwise",1.00084778203218,1.0048185125692,1.00151282855541,NA
"LASSO",1.02101799532274,1.00299115631824,0.999863653675453,0.00362556873069802
"least_angle",1.02101799532274,1.00299115631824,0.999863653675453,0.00362556873069802
"inf_fwd_stage",1.02101799532274,1.00299115631824,0.999863653675453,0.00362556873069802
