"","intercept","X","Z1","Z2"
"true_values",1,0.333333333333333,0.666666666666667,NA
"linear",1.00004327234065,0.332578789882625,0.666072594510354,0.00160752493646636
"stepwise",1.00001055623588,0.332533934272524,0.666078572382256,NA
"two_step_LASSO",1.00005320939789,0.332455486703237,0.666036155785177,NA
"two_step_least_angle",1.00005320939789,0.332455486703237,0.666036155785177,NA
"two_step_inf_fwd_stage",1.00005320939789,0.332455486703237,0.666036155785177,NA
