"","intercept","X","Z1","Z2"
"true_values",1,0.285714285714286,0.714285714285714,0.714285714285714
"linear",1.00062204054493,0.28591715050112,0.714733033630294,0.713877875254373
"stepwise",1.00062204054493,0.28591715050112,0.714733033630294,0.713877875254373
"two_step_LASSO",1.00062204054493,0.28591715050112,0.714733033630294,0.713877875254373
"two_step_least_angle",1.00062204054493,0.28591715050112,0.714733033630294,0.713877875254373
"two_step_inf_fwd_stage",1.00062204054493,0.28591715050112,0.714733033630294,0.713877875254373
