"","intercept","X","Z1","Z2"
"true_values",1,1,1,NA
"linear",1.00128662075697,1.00124322745561,0.99944643350748,0.000594580293867467
"stepwise",1.00126317213701,1.00119813174181,0.999419839441267,NA
"two_step_LASSO",1.00129547477923,1.00121159528843,0.999485621988855,NA
"two_step_least_angle",1.00129547477923,1.00121159528843,0.999485621988855,NA
"two_step_inf_fwd_stage",1.00129547477923,1.00121159528843,0.999485621988855,NA
