"","intercept","X","Z1","Z2"
"true_values",1,0.0468823951087475,1.22474487139159,NA
"linear",0.996781872904241,0.0453398597112839,1.22632673758527,0.0137583887332
"stepwise",0.998196956469308,0.0442026530997387,1.2274149040531,NA
"two_step_LASSO",0.997590715476096,0.0448609421669217,1.22744380709624,NA
"two_step_least_angle",0.997590715476096,0.0448609421669217,1.22744380709624,NA
"two_step_inf_fwd_stage",0.997590715476096,0.0448609421669217,1.22744380709624,NA
