"","intercept","X","Z1","Z2"
"true_values",1,0.230769230769231,0.769230769230769,NA
"linear",0.999307345141314,0.230519876081414,0.768997498080137,0.000807927033452994
"stepwise",0.999328362172491,0.230536777957907,0.768999733039472,NA
"two_step_LASSO",0.999305732674372,0.230516004967519,0.769015118318328,NA
"two_step_least_angle",0.999305732674372,0.230516004967519,0.769015118318328,NA
"two_step_inf_fwd_stage",0.999305732674372,0.230516004967519,0.769015118318328,NA
