"","intercept","X","Z1","Z2"
"true_values",1,0.412403840463596,0.816496580927726,NA
"linear",1.00231330225106,0.412752024091458,0.809599620135125,0.00442873794639817
"stepwise",1.00242035592701,0.412649248513917,0.809681530759148,NA
"two_step_LASSO",1.00232311649834,0.412710645946392,0.809621811212332,NA
"two_step_least_angle",1.00232311649834,0.412710645946392,0.809621811212332,NA
"two_step_inf_fwd_stage",1.00232311649834,0.412710645946392,0.809621811212332,NA
