"","intercept","X","Z1","Z2"
"true_values",1,0.380721649342821,1.22474487139159,NA
"linear",1.00231330225106,0.381069832970684,1.21770576522815,0.0044287379463982
"stepwise",1.00242035592701,0.380967057393143,1.217829633806,NA
"two_step_LASSO",1.00232311649834,0.381028454825618,1.21774484886234,NA
"two_step_least_angle",1.00232311649834,0.381028454825618,1.21774484886234,NA
"two_step_inf_fwd_stage",1.00232311649834,0.381028454825618,1.21774484886234,NA
