"","intercept","X","Z1","Z2"
"true_values",1,0.183135833249878,1.06144555520604,NA
"linear",1.00231330225106,0.183484016877739,1.05454859441344,0.00442873794639814
"stepwise",1.00242035592701,0.183381241300198,1.05463050503747,NA
"two_step_LASSO",1.00232311649834,0.183442638732673,1.05457078549065,NA
"two_step_least_angle",1.00232311649834,0.183442638732673,1.05457078549065,NA
"two_step_inf_fwd_stage",1.00232311649834,0.183442638732673,1.05457078549065,NA
