"","intercept","X","Z1","Z2"
"true_values",1,0.230769230769231,0.769230769230769,NA
"linear",1.00166047085857,0.23093312859438,0.765238329105744,0.00192799713510556
"stepwise",1.00160669970098,0.230863242109731,0.765240372545855,NA
"two_step_LASSO",1.00161235747667,0.23105951337661,0.76524327918377,NA
"two_step_least_angle",1.00161235747667,0.23105951337661,0.76524327918377,NA
"two_step_inf_fwd_stage",1.00161235747667,0.23105951337661,0.76524327918377,NA
