"","intercept","X","Z1","Z2"
"true_values",1,0.05,1,NA
"linear",0.996754104165517,0.0508257363691715,0.999051325270567,0.0138485078858471
"stepwise",0.996179009766008,0.0511515917213801,0.999399653333645,NA
"two_step_LASSO",0.997129044695585,0.0511673523418201,0.998017999056328,NA
"two_step_least_angle",0.997129044695585,0.0511673523418201,0.998017999056328,NA
"two_step_inf_fwd_stage",0.997129044695585,0.0511673523418201,0.998017999056328,NA
