"","intercept","X","Z1","Z2"
"true_values",1,0.349034903490349,0.816496580927726,NA
"linear",1.00231330225106,0.349383087118212,0.809599620135125,0.00442873794639816
"stepwise",1.00242035592701,0.349280311540671,0.809681530759148,NA
"two_step_LASSO",1.00232311649834,0.349341708973146,0.809621811212332,NA
"two_step_least_angle",1.00232311649834,0.349341708973146,0.809621811212332,NA
"two_step_inf_fwd_stage",1.00232311649834,0.349341708973146,0.809621811212332,NA
