"","intercept","X","Z1","Z2"
"true_values",1,0.5,1,NA
"linear",0.99810022459795,0.501878174757001,1.00484867940587,0.00193229297323845
"stepwise",0.998005416013489,0.502063831516285,1.00467835388051,NA
"two_step_LASSO",0.998005416013489,0.502063831516285,1.00467835388051,NA
"two_step_least_angle",0.998005416013489,0.502063831516285,1.00467835388051,NA
"two_step_inf_fwd_stage",0.998005416013489,0.502063831516285,1.00467835388051,NA
