"","mse","r_squared","causal_effect_bias","avg_abs_param_bias","coverage","open_paths","blocked_paths","benchmark"
"linear",0.952114275413141,0.49821726841056,0.000825736369171503,0.105524225217951,0.93,1,1,334574.9
"stepwise",0.957652788243825,0.501514714309917,0.00115159172138007,0.0900778880467839,0.95,1,1,4094652.2
"two_step_LASSO",0.956149271695283,0.500201473702059,0.00116735234182006,0.0939629611178835,0.94,1,1,363562.05
"two_step_least_angle",0.956149271695283,0.500201473702059,0.00116735234182006,0.0939629611178835,0.94,1,1,1053428.6
"two_step_inf_fwd_stage",0.956149271695283,0.500201473702059,0.00116735234182006,0.0939629611178835,0.94,1,1,447122.65
