"","mse","r_squared","causal_effect_bias","avg_abs_param_bias","coverage","open_paths","blocked_paths","benchmark"
"linear",0.00972492363514011,0.980820181382998,-0.00075454345070801,0.00790864059350873,0.96,1,1,358588.8
"stepwise",0.00975819798010237,0.980871688812791,-0.000799399060809092,0.0067961129927035,0.95,1,1,4283534.6
"two_step_LASSO",0.00978025189890645,0.980928595470781,-0.000877846630096056,0.00649517728508413,0.95,1,1,382704.8
"two_step_least_angle",0.00978025189890645,0.980928595470781,-0.000877846630096056,0.00649517728508413,0.95,1,1,374763.45
"two_step_inf_fwd_stage",0.00978025189890645,0.980928595470781,-0.000877846630096056,0.00649517728508413,0.95,1,1,343019.95
