"","mse","r_squared","param_bias","causal_effect_bias","coverage","open_paths","blocked_paths","z_inclusion","benchmark"
"linear",0.00960874896733398,0.990537703214741,0.000864385645006481,0.000202864786834393,0.9,1,1,1,655005.3
"stepwise",0.00960874896733398,0.990537703214741,0.000864385645006481,0.000202864786834393,0.9,1,1,1,3868026
"two_step_LASSO",0.00960874896733398,0.990537703214741,0.000864385645006481,0.000202864786834393,0.9,1,1,1,689356.15
"two_step_least_angle",0.00960874896733398,0.990537703214741,0.000864385645006481,0.000202864786834393,0.9,1,1,1,697232.7
"two_step_inf_fwd_stage",0.00960874896733398,0.990537703214741,0.000864385645006481,0.000202864786834393,0.9,1,1,1,708264.85
