"","mse","r_squared_X","r_squared_Y","causal_effect_bias","avg_abs_param_bias","coverage","open_paths","blocked_paths","benchmark"
"linear",0.993907112162486,NA,0.747201777011196,0.000348183627863058,0.0175205861024339,0.9,1,1,697351.7
"stepwise",0.994040913348012,NA,0.747297509622278,0.000245408050322016,0.0149233064670883,0.9,1,1,7303762.6
"two_step_LASSO",0.99398585939083,NA,0.747254971102196,0.000306805482797162,0.0157779153772606,0.9,1,1,766265.25
"two_step_least_angle",0.99398585939083,NA,0.747254971102196,0.000306805482797162,0.0157779153772606,0.9,1,1,1661235.3
"two_step_inf_fwd_stage",0.99398585939083,NA,0.747254971102196,0.000306805482797162,0.0157779153772606,0.9,1,1,706711.9
