"","mse","r_squared","param_bias","causal_effect_bias","coverage","open_paths","blocked_paths","z_inclusion","benchmark"
"linear",0.00965191533027647,0.99452393767369,0.00257086201393058,0.0012432274556105,0.96,1,1,1,367856.3
"stepwise",0.00967421312531229,0.994542487787737,0.00277656367495175,0.00119813174181381,0.96,1,1,1,4005695.9
"two_step_LASSO",0.00968705903734859,0.9945523965367,0.00412143336174849,0.0012115952884272,0.96,1,1,1,389825.65
"two_step_least_angle",0.00968705903734859,0.9945523965367,0.00412143336174849,0.0012115952884272,0.96,1,1,1,415185.95
"two_step_inf_fwd_stage",0.00968705903734859,0.9945523965367,0.00412143336174849,0.0012115952884272,0.96,1,1,1,343095.2
