"","mse","r_squared","causal_effect_bias","avg_abs_param_bias","coverage","open_paths","blocked_paths","benchmark"
"linear",0.00908032109709247,0.992043915000218,0.00187817475700142,0.00853776821406566,0.9,1,1,342337.1
"stepwise",0.00913056489156784,0.992077382757972,0.00206383151628453,0.00675729306108543,0.9,1,1,4389512.4
"two_step_LASSO",0.00913056489156784,0.992077382757972,0.00206383151628453,0.00675729306108543,0.9,1,1,367346.85
"two_step_least_angle",0.00913056489156784,0.992077382757972,0.00206383151628453,0.00675729306108543,0.9,1,1,350282.7
"two_step_inf_fwd_stage",0.00913056489156784,0.992077382757972,0.00206383151628453,0.00675729306108543,0.9,1,1,367251.35
