"","mse","r_squared_X","r_squared_Y","causal_effect_bias","avg_abs_param_bias","coverage","open_paths","blocked_paths"
"linear",0.993907112162486,0.401231275157995,0.566756081810008,0.000348183627862619,0.0166227443610967,0.9,1,1
"stepwise",0.994040913348012,0.401231275157995,0.566920225015727,0.000245408050321611,0.0140273626671436,0.9,1,1
"two_step_LASSO",0.99398585939083,0.401231275157995,0.566846994530546,0.000306805482796746,0.0148757052281041,0.9,1,1
"two_step_least_angle",0.99398585939083,0.401231275157995,0.566846994530546,0.000306805482796746,0.0148757052281041,0.9,1,1
"two_step_inf_fwd_stage",0.99398585939083,0.401231275157995,0.566846994530546,0.000306805482796746,0.0148757052281041,0.9,1,1
