"","mse","r_squared","causal_effect_bias","avg_abs_param_bias","coverage","open_paths","blocked_paths","benchmark"
"linear",0.00970891046444059,0.983622403129355,-0.000249354687816226,0.00635596102878492,0.97,1,1,383417.9
"stepwise",0.00974062754508133,0.98367680503289,-0.000232452811323347,0.0052248331802972,0.96,1,1,4120535.3
"two_step_LASSO",0.00974873779339209,0.983644560242057,-0.000253225801711337,0.0051372006616429,0.96,1,1,360110.15
"two_step_least_angle",0.00974873779339209,0.983644560242057,-0.000253225801711337,0.0051372006616429,0.96,1,1,358351.8
"two_step_inf_fwd_stage",0.00974873779339209,0.983644560242057,-0.000253225801711337,0.0051372006616429,0.96,1,1,824151.2
