"","mse","r_squared","param_bias","causal_effect_bias","coverage","open_paths","blocked_paths","z_inclusion","benchmark"
"linear",0.00967953204971973,0.993400614145745,0.0112325752810445,0.00474972040067851,1,1,1,1,671670
"stepwise",0.00971208239480629,0.9934430098617,0.00903672616940787,0.00481851256919615,0.9,1,1,1,4212427.2
"LASSO",0.0113993359245392,0.993415372864433,0.0274983740471348,0.00299115631824102,NA,1,1,1,600693.4
"least_angle",0.0113993359245392,0.993415372864433,0.0274983740471348,0.00299115631824102,NA,1,1,1,620887.3
"inf_fwd_stage",0.0113993359245392,0.993415372864433,0.0274983740471348,0.00299115631824102,NA,1,1,1,259410.974
