"","mse","r_squared_X","r_squared_Y","causal_effect_bias","avg_abs_param_bias","coverage","open_paths","blocked_paths"
"linear",0.993907112162486,0.401231275157995,0.595305145532419,0.00034818362786154,0.0166227443610965,0.9,1,1
"stepwise",0.994040913348012,0.401231275157995,0.595458618923462,0.000245408050320514,0.0140273626671433,0.9,1,1
"two_step_LASSO",0.99398585939083,0.401231275157995,0.595390190464779,0.000306805482795669,0.0148757052281039,0.9,1,1
"two_step_least_angle",0.99398585939083,0.401231275157995,0.595390190464779,0.000306805482795669,0.0148757052281039,0.9,1,1
"two_step_inf_fwd_stage",0.99398585939083,0.401231275157995,0.595390190464779,0.000306805482795669,0.0148757052281039,0.9,1,1
