"","mse","r_squared","causal_effect_bias","avg_abs_param_bias","coverage","open_paths","blocked_paths","benchmark"
"linear",0.970288073062936,0.592081211324027,-0.00154253539746365,0.100197576335391,0.96,1,1,702360.6
"stepwise",0.97521816402005,0.593819951650708,-0.00267974200900883,0.0857829661820054,0.96,1,1,11418216.2
"two_step_LASSO",0.974775564342297,0.593249870910684,-0.00202145294182577,0.0871392396261151,0.96,1,1,746429.35
"two_step_least_angle",0.974775564342297,0.593249870910684,-0.00202145294182577,0.0871392396261151,0.96,1,1,774785.55
"two_step_inf_fwd_stage",0.974775564342297,0.593249870910684,-0.00202145294182577,0.0871392396261151,0.96,1,1,713739.1
