"","mse","r_squared","avg_abs_param_bias","causal_effect_bias","coverage","open_paths","blocked_paths","z_inclusion","benchmark"
"linear",0.00951109478971761,0.983900223011874,0.0064975974846774,0.000163897825148972,1,1,1,1,387186.2
"stepwise",0.00954508660779039,0.983904620273473,0.00529432575722918,9.40113405000109e-05,1,1,1,1,2066045.3
"two_step_LASSO",0.00955388634538984,0.983962567487367,0.00520780888076794,0.000290282607378847,1,1,1,1,397607.1
"two_step_least_angle",0.00955388634538984,0.983962567487367,0.00520780888076794,0.000290282607378847,1,1,1,1,391425.45
"two_step_inf_fwd_stage",0.00955388634538984,0.983962567487367,0.00520780888076794,0.000290282607378847,1,1,1,1,354261.55
