"","mse","r_squared","avg_abs_param_bias","causal_effect_bias","coverage","open_paths","blocked_paths","z_inclusion","benchmark"
"linear",0.00961718206025103,0.901266397994745,0.0237882772152073,0.019103596714742,0.95,10,10,1,640579
"stepwise",0.00964679341730565,0.901446472692787,0.0231604064274352,0.0194671656618554,0.95,10,10,1,8279858.1
"two_step_LASSO",0.00966442239148248,0.901740732146988,0.0231625896418782,0.0193605990383342,0.95,10,10,1,737113.75
"two_step_least_angle",0.00966442239148248,0.901740732146988,0.0231625896418782,0.0193605990383342,0.95,10,10,1,685863.05
"two_step_inf_fwd_stage",0.00966442239148248,0.901740732146988,0.0231625896418782,0.0193605990383342,0.95,10,10,1,735607.1
