"","intercept","X","Z1","Z2","Z3","Z4","Z5","Z6","Z7","Z8","Z9","Z10","Z11"
"true_values",1,0.333333333333333,0.0666666666666667,0.0666666666666667,0.0666666666666667,0.0666666666666667,0.0666666666666667,0.0666666666666667,0.0666666666666667,0.0666666666666667,0.0666666666666667,0.0666666666666667,NA
"linear",0.995977673188614,0.338376952289959,0.0666858652743399,0.0659711946088326,0.0650804076670923,0.0678033927339284,0.0672739532508359,0.0672109852308111,0.0662851917436144,0.0693352543096085,0.0673880245135823,0.0655237436992076,-0.000151938984033137
"stepwise",0.995908455077578,0.338409957218335,0.0667329779479897,0.0658576954944648,0.0651035554875399,0.0678292485134575,0.0671646645297379,0.0671394677732165,0.0662943048038036,0.0693844315961815,0.0674656321733605,0.0654834782340044,NA
"two_step_LASSO",0.991885774316801,0.342404589030281,0.0663982153619181,0.0655888810439607,0.0648520414424077,NA,0.0666547031619072,NA,0.0659821238136351,NA,NA,NA,NA
"two_step_least_angle",0.991885774316801,0.342404589030281,0.0663982153619181,0.0655888810439607,0.0648520414424077,NA,0.0666547031619072,NA,0.0659821238136351,NA,NA,NA,NA
"two_step_inf_fwd_stage",0.991056420194009,0.343273782859097,NA,NA,0.0648065698602793,NA,NA,NA,0.0658963554704414,NA,NA,NA,NA
