"","intercept","X","Z1","Z2","Z3","Z4","Z5","Z6","Z7","Z8","Z9","Z10","Z11"
"true_values",1,0.230769230769231,0.0769230769230769,0.0769230769230769,0.0769230769230769,0.0769230769230769,0.0769230769230769,0.0769230769230769,0.0769230769230769,0.0769230769230769,0.0769230769230769,0.0769230769230769,NA
"linear",0.983892745548728,0.249872827483973,0.0766529485437882,0.075476410614885,0.0730386657295972,0.0763167329091763,0.0750577745439783,0.0771378088373435,0.0740406518618767,0.0756816199410898,0.0755148804477673,0.0726089828535329,-0.000715504278770857
"stepwise",0.983650861448089,0.250236396431086,0.0765193695853247,0.0754114652609666,0.0729399564960389,0.0761774927760065,0.07490675329189,0.0770341701868782,0.0741237476980684,0.0756465680940733,0.0754657258505998,0.0725090798421671,NA
"two_step_LASSO",0.983962884164831,0.250129829807565,0.0766468734955834,0.0754325824354586,0.0729616837297677,0.0762331230190936,0.075008697751745,0.0769131541552427,0.0742508183321601,0.0755550615894884,0.0754743403949906,0.0724541815714063,NA
"two_step_least_angle",0.983962884164831,0.250129829807565,0.0766468734955834,0.0754325824354586,0.0729616837297677,0.0762331230190936,0.075008697751745,0.0769131541552427,0.0742508183321601,0.0755550615894884,0.0754743403949906,0.0724541815714063,NA
"two_step_inf_fwd_stage",0.983962884164831,0.250129829807565,0.0766468734955834,0.0754325824354586,0.0729616837297677,0.0762331230190936,0.075008697751745,0.0769131541552427,0.0742508183321601,0.0755550615894884,0.0754743403949906,0.0724541815714063,NA
