"","intercept","X","Z1","Z2","Z3","Z4","Z5","Z6","Z7","Z8","Z9","Z10","Z11"
"true_values",1,1,1,1,1,1,1,1,1,1,1,1,NA
"linear",0.986180347651527,1.0163033805131,0.983237220940206,0.987539746386353,0.981304288542443,0.986112230068353,0.986076450569574,0.982526206437667,0.989257142501814,0.980904887873005,0.981568317089139,0.979930520159512,0.00847010749346638
"stepwise",0.987230895897917,1.01537962388938,0.984071148276208,0.988415234040673,0.982184647790804,0.986952284636971,0.987058392715448,0.983465041714682,0.989942069592095,0.981836737068694,0.98234654596988,0.98087643499173,NA
"LASSO",1.89219091953732,1.01630338051369,0.983237220939617,0.987539746385757,0.981304288541851,0.986112230067763,0.986076450568979,0.982526206437075,0.98925714250122,0.980904887872414,0.981568317088546,0.979930520158917,0.00847010749346708
"least_angle",1.89219091953732,1.01630338051369,0.983237220939625,0.987539746385765,0.981304288541858,0.98611223006777,0.986076450568987,0.982526206437082,0.989257142501227,0.980904887872421,0.981568317088554,0.979930520158924,0.00847010749346714
"inf_fwd_stage",1.89219091953732,1.01630338051346,0.983237220939851,0.987539746385994,0.981304288542085,0.986112230067999,0.986076450569215,0.98252620643731,0.989257142501455,0.980904887872649,0.981568317088781,0.979930520159154,0.00847010749346517
