"","mse","r_squared","param_bias","causal_effect_bias","coverage","open_paths","blocked_paths","z_inclusion","benchmark"
"linear",0.00942641189494866,0.999714561389536,-0.150589153773839,0.0163033805131014,1,10,10,1,1134563
"stepwise",0.00945149674487233,0.999716640039282,-0.145180947163455,0.0153796238893754,1,10,10,1,7303274.1
"LASSO",0.0113892230604985,0.999714561389536,0.755421418106615,0.0163033805136931,NA,10,10,1,1155617.9
"least_angle",0.0113892230604985,0.999714561389536,0.755421418106681,0.0163033805136858,NA,10,10,1,946585.1
"inf_fwd_stage",0.0113892230604983,0.999714561389536,0.755421418108732,0.0163033805134579,NA,10,10,1,1020200.491
