"","intercept","X","Z1","Z2","Z3","Z4","Z5","Z6","Z7","Z8","Z9","Z10","Z11"
"true_values",1,0.152917843202353,0.387298334620742,0.387298334620742,0.387298334620742,0.387298334620742,0.387298334620742,0.387298334620742,0.387298334620742,0.387298334620742,0.387298334620742,0.387298334620742,NA
"linear",1.00361336249752,0.162986770940588,0.395874031434875,0.371753272805503,0.376056811067979,0.393552512015083,0.37732548677101,0.387642018187855,0.385330880311747,0.369440660189159,0.373174624586788,0.384078345911761,-0.0101714516845292
"stepwise",0.990507430923589,0.17682415340606,NA,NA,NA,NA,NA,NA,NA,NA,NA,NA,NA
"two_step_LASSO",0.998456486496316,0.167993518416895,NA,NA,NA,NA,NA,0.38540141136356,NA,NA,NA,NA,NA
"two_step_least_angle",0.998456486496316,0.167993518416895,NA,NA,NA,NA,NA,0.38540141136356,NA,NA,NA,NA,NA
"two_step_inf_fwd_stage",0.999675090722216,0.16654212979854,NA,NA,NA,0.390191076447934,NA,0.386132510582277,NA,NA,NA,NA,NA
