"","intercept","X","Z1","Z2","Z3","Z4","Z5","Z6","Z7","Z8","Z9","Z10","Z11"
"true_values",1,0.349034903490349,0.258198889747161,0.258198889747161,0.258198889747161,0.258198889747161,0.258198889747161,0.258198889747161,0.258198889747161,0.258198889747161,0.258198889747161,0.258198889747161,NA
"linear",1.00324323920216,0.34728011872455,0.257112162519904,0.261576170805207,0.270802201945264,0.262933531282128,0.255526927794156,0.25631600562512,0.257952348231731,0.252498309540472,0.258970766099666,0.256869458691097,-0.00246196400036521
"stepwise",1.00325912834057,0.347264113142581,0.257078063755366,0.26153278776954,0.270805181450415,0.262961493864163,0.255544452261691,0.256336472426315,0.258026678995243,0.252534018693978,0.258894192112123,0.256836293732619,NA
"two_step_LASSO",1.00328170975057,0.347225235310969,0.257116967243313,0.261589054939983,0.270778897035221,0.26296095318839,0.255578706677308,0.256295437556463,0.258026835711795,0.252592973267692,0.25894473791804,0.256875848023982,NA
"two_step_least_angle",1.00328170975057,0.347225235310969,0.257116967243313,0.261589054939983,0.270778897035221,0.26296095318839,0.255578706677308,0.256295437556463,0.258026835711795,0.252592973267692,0.25894473791804,0.256875848023982,NA
"two_step_inf_fwd_stage",1.00328170975057,0.347225235310969,0.257116967243313,0.261589054939983,0.270778897035221,0.26296095318839,0.255578706677308,0.256295437556463,0.258026835711795,0.252592973267692,0.25894473791804,0.256875848023982,NA
