"","intercept","X","Z1","Z2","Z3","Z4","Z5","Z6","Z7","Z8","Z9","Z10","Z11"
"true_values",1,0.15531508813275,0.316227766016838,0.316227766016838,0.316227766016838,0.316227766016838,0.316227766016838,0.316227766016838,0.316227766016838,0.316227766016838,0.316227766016838,0.316227766016838,NA
"linear",0.989196523695411,0.160045223999438,0.321896677413752,0.314496226437992,0.31934199082892,0.314815452064163,0.310886765667801,0.297839339987636,0.311558102333966,0.311270722953952,0.31785243683215,0.310109806409755,0.010995309070829
"stepwise",0.96863520763057,0.181335468813508,NA,NA,NA,NA,NA,NA,NA,NA,NA,NA,NA
"two_step_LASSO",0.981437463297859,0.167663619897516,NA,NA,NA,NA,NA,NA,NA,NA,NA,NA,NA
"two_step_least_angle",0.981437463297859,0.167663619897516,NA,NA,NA,NA,NA,NA,NA,NA,NA,NA,NA
"two_step_inf_fwd_stage",0.977796266135359,0.170355508074696,NA,NA,NA,NA,NA,NA,NA,NA,NA,NA,NA
