"","mse","r_squared_X","r_squared_Y","causal_effect_bias","avg_abs_param_bias","coverage","open_paths","blocked_paths"
"linear",1.00506881786165,0.396698554499344,0.570720819911875,-0.0017547847657988,0.0119884604121603,0.8,10,10
"stepwise",1.00511989991632,0.396698554499344,0.57074289968311,-0.00177079034776794,0.0115436127546333,0.8,10,10
"two_step_LASSO",1.00520959967427,0.396698554499344,0.57080905264908,-0.00180966817938004,0.0113767852562544,0.8,10,10
"two_step_least_angle",1.00520959967427,0.396698554499344,0.57080905264908,-0.00180966817938004,0.0113767852562544,0.8,10,10
"two_step_inf_fwd_stage",1.00520959967427,0.396698554499344,0.57080905264908,-0.00180966817938004,0.0113767852562544,0.8,10,10
