"","mse","r_squared","causal_effect_bias","avg_abs_param_bias","coverage","open_paths","blocked_paths","benchmark"
"linear",0.00897617323877774,0.891822029922164,0.0104510447352963,0.0177603755031674,0.96,10,10,732443.9
"stepwise",0.00900313837771046,0.892026260438304,0.010583032553299,0.0175311908273324,0.96,10,10,8130224.4
"two_step_LASSO",0.0090288103259562,0.892299424265956,0.0107910123865928,0.0173746136015756,0.96,10,10,680142.6
"two_step_least_angle",0.0090288103259562,0.892299424265956,0.0107910123865928,0.0173746136015756,0.96,10,10,706899.15
"two_step_inf_fwd_stage",0.0090288103259562,0.892299424265956,0.0107910123865928,0.0173746136015756,0.96,10,10,770948.25
