"","mse","r_squared","causal_effect_bias","avg_abs_param_bias","coverage","open_paths","blocked_paths","benchmark"
"linear",0.839493927906224,0.608499159704112,0.0100689277382355,0.0962808210148508,0.94,10,10,1557021.7
"stepwise",0.846926670571227,0.602914438050018,0.0239063102037068,0.0987039688422177,0.89,10,9.58,19672819.2
"two_step_LASSO",0.84782650038685,0.61049563452703,0.0150756752145425,0.0933282030741058,0.91,10,9.81,1543855.85
"two_step_least_angle",0.84782650038685,0.61049563452703,0.0150756752145425,0.0933282030741058,0.91,10,9.81,1571869.05
"two_step_inf_fwd_stage",0.847246526613784,0.61158122614684,0.0136242865961876,0.0926077722885418,0.92,10,9.88,1644532.3
