"","intercept","X","Z1","Z2","Z3","Z4","Z5","Z6","Z7","Z8","Z9","Z10","Z11"
"true_values",1,0.285714285714286,0.0714285714285714,0.0714285714285714,0.0714285714285714,0.0714285714285714,0.0714285714285714,0.0714285714285714,0.0714285714285714,0.0714285714285714,0.0714285714285714,0.0714285714285714,0.0714285714285714
"linear",0.987202619085544,0.297707142761219,0.0703489003897485,0.0706514386706174,0.0695767837587152,0.0712130587165184,0.0690317468896447,0.0704906729524677,0.0698830745290796,0.0717391501161392,0.0702997774760196,0.0698389673377552,0.0707461206774866
"stepwise",0.987202619085544,0.297707142761219,0.0703489003897485,0.0706514386706174,0.0695767837587152,0.0712130587165184,0.0690317468896447,0.0704906729524677,0.0698830745290796,0.0717391501161392,0.0702997774760196,0.0698389673377552,0.0707461206774866
"two_step_LASSO",0.987202619085544,0.297707142761219,0.0703489003897485,0.0706514386706174,0.0695767837587152,0.0712130587165184,0.0690317468896447,0.0704906729524677,0.0698830745290796,0.0717391501161392,0.0702997774760196,0.0698389673377552,0.0707461206774866
"two_step_least_angle",0.987202619085544,0.297707142761219,0.0703489003897485,0.0706514386706174,0.0695767837587152,0.0712130587165184,0.0690317468896447,0.0704906729524677,0.0698830745290796,0.0717391501161392,0.0702997774760196,0.0698389673377552,0.0707461206774866
"two_step_inf_fwd_stage",0.987202619085544,0.297707142761219,0.0703489003897485,0.0706514386706174,0.0695767837587152,0.0712130587165184,0.0690317468896447,0.0704906729524677,0.0698830745290796,0.0717391501161392,0.0702997774760196,0.0698389673377552,0.0707461206774866
