"","intercept","X","Z1","Z2","Z3","Z4","Z5","Z6","Z7","Z8","Z9","Z10","Z11"
"true_values",1,0.0909090909090909,0.0909090909090909,0.0909090909090909,0.0909090909090909,0.0909090909090909,0.0909090909090909,0.0909090909090909,0.0909090909090909,0.0909090909090909,0.0909090909090909,0.0909090909090909,NA
"linear",0.99102869128152,0.0994760631489654,0.0899462682947362,0.0887538864145798,0.0892479473094595,0.0887293614467196,0.0911507983482342,0.0896643976644909,0.0892244175536326,0.0913825545267495,0.0893594681984386,0.0899957127232814,0.00107522559423268
"stepwise",0.991165466458367,0.099388355903483,0.0899488537796524,0.0887496592306942,0.0892780334834909,0.088772734430436,0.0911425563736555,0.0896085366822928,0.0891982626675818,0.0914008907333339,0.0893642756373869,0.090053421411674,NA
"two_step_LASSO",0.991750088553254,0.0989206365298294,0.0900257821686029,0.088782356865759,0.089317125509013,0.0888398130201767,0.0911371476834867,0.089658646287759,0.0893406806962702,0.0914783337149892,0.0893690483259121,0.090031869888303,NA
"two_step_least_angle",0.991750088553254,0.0989206365298294,0.0900257821686029,0.088782356865759,0.089317125509013,0.0888398130201767,0.0911371476834867,0.089658646287759,0.0893406806962702,0.0914783337149892,0.0893690483259121,0.090031869888303,NA
"two_step_inf_fwd_stage",0.99166764679101,0.0989875170345174,0.0900156299120615,0.0887667782295483,0.0893138934006649,0.0888305898462639,0.0911208232991016,0.0896510378839844,0.0893282772486178,0.0914719241852576,0.0893621952835882,0.0900233811949808,NA
