"","mse","r_squared","causal_effect_bias","avg_abs_param_bias","coverage","open_paths","blocked_paths","benchmark"
"linear",0.00880458563838928,0.893807893471233,0.00504361895662612,0.0235506717587621,0.93,10,10,671327.4
"stepwise",0.0088401831104474,0.89409560358781,0.00507662388500164,0.0233268416721971,0.93,10,10,10208128.1
"two_step_LASSO",0.0088712526862302,0.89392331097207,0.00907125569694784,0.0237327571295036,0.93,10,9.95,699155.95
"two_step_least_angle",0.0088712526862302,0.89392331097207,0.00907125569694784,0.0237327571295036,0.93,10,9.95,685293
"two_step_inf_fwd_stage",0.00887676103378245,0.893857205695293,0.00994044952576363,0.0239291793185922,0.93,10,9.92,1542202.45
