"","intercept","X","Z1","Z2","Z3","Z4","Z5","Z6","Z7","Z8","Z9","Z10","Z11"
"true_values",1,1,1,1,1,1,1,1,1,1,1,1,NA
"linear",0.990181042237799,1.00890640166181,0.990901391417142,0.991734871961967,0.990718503372761,0.990526622737197,0.990142944839482,0.989802136682729,0.991329518129312,0.989500265824515,0.992366150350309,0.99104233317361,-0.000788393101868316
"stepwise",0.99021686436347,1.00888386591356,0.990916370427845,0.991800746708346,0.990808316105522,0.990519796480392,0.9901850721153,0.989855225849538,0.991331422168507,0.989547529795468,0.992258957774375,0.99106425791422,NA
"two_step_LASSO",0.990585519666995,1.00853296456215,0.991311906965548,0.992056335964862,0.991184518543259,0.990902885430658,0.990535691400677,0.990228892885467,0.991641453213732,0.989892383775076,0.992617764571047,0.991377409843664,NA
"two_step_least_angle",0.990585519666995,1.00853296456215,0.991311906965548,0.992056335964862,0.991184518543259,0.990902885430658,0.990535691400677,0.990228892885467,0.991641453213732,0.989892383775076,0.992617764571047,0.991377409843664,NA
"two_step_inf_fwd_stage",0.990585519666995,1.00853296456215,0.991311906965548,0.992056335964862,0.991184518543259,0.990902885430658,0.990535691400677,0.990228892885467,0.991641453213732,0.989892383775076,0.992617764571047,0.991377409843664,NA
