"","mse","r_squared","param_bias","causal_effect_bias","coverage","open_paths","blocked_paths","z_inclusion","benchmark"
"linear",0.00904547423912819,0.897808660933298,-0.0109652074949596,0.00856697223987445,0.97,10,10,1,695815.5
"stepwise",0.00906881576219932,0.897806616775107,-0.0120007100258235,0.00847926499439206,0.97,10,10,1,8887969
"two_step_LASSO",0.00908371649056682,0.897694909463217,-0.00914787007625725,0.00801154562073852,0.97,10,10,1,718772.35
"two_step_least_angle",0.00908371649056682,0.897694909463217,-0.00914787007625725,0.00801154562073852,0.97,10,10,1,696745.15
"two_step_inf_fwd_stage",0.00908304926293521,0.897714456850601,-0.00917415270895236,0.00807842612542645,0.97,10,10,1,822612
