"","intercept","X","Z1","Z2","Z3","Z4","Z5","Z6","Z7","Z8","Z9","Z10","Z11"
"true_values",1,0.230769230769231,0.0769230769230769,0.0769230769230769,0.0769230769230769,0.0769230769230769,0.0769230769230769,0.0769230769230769,0.0769230769230769,0.0769230769230769,0.0769230769230769,0.0769230769230769,NA
"linear",0.989495325154612,0.241220275504527,0.0767709112029325,0.0742360157825151,0.0770196873018605,0.0745210658869986,0.0753595857594092,0.0743597453437224,0.0758019282597142,0.076717874829033,0.0763820014694395,0.0738088162829852,-0.00117862741012758
"stepwise",0.989332331915657,0.24135226332253,0.0767498463181805,0.0742970417463528,0.0771121410284354,0.0745151438560073,0.0754199888350575,0.0742743555602182,0.0758108283786182,0.0767249878675204,0.0763642801962137,0.0737530411646294,NA
"two_step_LASSO",0.98917846660406,0.241560243155824,0.0768468602946453,0.074345271545068,0.0771376273229912,0.0744796416349884,0.0753498110283252,0.0743346138536161,0.0757881909812224,0.0766831116608594,0.0763559048583481,0.073785501224027,NA
"two_step_least_angle",0.98917846660406,0.241560243155824,0.0768468602946453,0.074345271545068,0.0771376273229912,0.0744796416349884,0.0753498110283252,0.0743346138536161,0.0757881909812224,0.0766831116608594,0.0763559048583481,0.073785501224027,NA
"two_step_inf_fwd_stage",0.98917846660406,0.241560243155824,0.0768468602946453,0.074345271545068,0.0771376273229912,0.0744796416349884,0.0753498110283252,0.0743346138536161,0.0757881909812224,0.0766831116608594,0.0763559048583481,0.073785501224027,NA
