"","mse","r_squared","param_bias","causal_effect_bias","coverage","open_paths","blocked_paths","z_inclusion","benchmark"
"linear",0.00924830127531636,0.896648418026362,-0.0126991180676173,0.0119928570469328,0.97,10,10,1,1413890.7
"stepwise",0.00924830127531636,0.896648418026362,-0.0126991180676173,0.0119928570469328,0.97,10,10,1,8694614
"two_step_LASSO",0.00924830127531636,0.896648418026362,-0.0126991180676173,0.0119928570469328,0.97,10,10,1,1320057.7
"two_step_least_angle",0.00924830127531636,0.896648418026362,-0.0126991180676173,0.0119928570469328,0.97,10,10,1,1336363.45
"two_step_inf_fwd_stage",0.00924830127531636,0.896648418026362,-0.0126991180676173,0.0119928570469328,0.97,10,10,1,1443640.7
