"","mse","r_squared","param_bias","causal_effect_bias","coverage","open_paths","blocked_paths","z_inclusion","benchmark"
"linear",0.00895569294852953,0.999705968425322,-0.0936362107132339,0.00890640166181073,0.95,10,10,1,646340.2
"stepwise",0.0089806672754332,0.999707335772213,-0.0929195857074398,0.00888386591356346,0.95,10,10,1,8401764.3
"two_step_LASSO",0.00899621405211791,0.999707896812925,-0.0880544092127549,0.00853296456215384,0.95,10,10,1,802865.55
"two_step_least_angle",0.00899621405211791,0.999707896812925,-0.0880544092127549,0.00853296456215384,0.95,10,10,1,658028.4
"two_step_inf_fwd_stage",0.00899621405211791,0.999707896812925,-0.0880544092127549,0.00853296456215384,0.95,10,10,1,952338.6
