"","mse","r_squared_X","r_squared_Y","causal_effect_bias","avg_abs_param_bias","coverage","open_paths","blocked_paths"
"linear",0.970944415832924,0.41727977336243,0.612018338672695,0.0015877902007521,0.0360665113309448,0.96,3,3
"stepwise",0.977057885749895,0.41727977336243,0.609581837138028,0.000352464235642522,0.0249066944579056,0.93,3,3
"stepwise_X",1.25900584368764,0.41727977336243,0.497191378697939,0.00330480885378526,0.080218823057932,0.96,3,3
"two_step_LASSO",0.975283537491874,0.41727977336243,0.610280902430093,-0.0010666194741698,0.0277327009914852,0.93,3,3
"two_step_LASSO_X",0.975788586465946,0.41727977336243,0.610084720460035,-0.0012162202230465,0.0271718396678527,0.94,3,3
