"","mse","r_squared_X","r_squared_Y","causal_effect_bias","avg_abs_param_bias","coverage","open_paths","blocked_paths"
"linear",0.99793322830353,0.394841799304297,0.601117676632945,0.00330535740696948,0.01176846395018,1,12,12
"stepwise",0.998040715842615,0.394841799304297,0.601165637780109,0.00333384122927096,0.0112779681905147,1,12,12
"two_step_LASSO",0.998048519667362,0.394841799304297,0.601110700274909,0.00331847572229229,0.011358372041777,1,12,12
"two_step_least_angle",0.998048519667362,0.394841799304297,0.601110700274909,0.00331847572229229,0.011358372041777,1,12,12
"two_step_inf_fwd_stage",0.998048519667362,0.394841799304297,0.601110700274909,0.00331847572229229,0.011358372041777,1,12,12
