"","mse","r_squared_X","r_squared_Y","causal_effect_bias","avg_abs_param_bias","coverage","open_paths","blocked_paths"
"linear",0.985383195863902,0.407595036498971,0.60516367483325,-0.000520124115389381,0.0264850291342196,0.955,12,12
"stepwise",0.988303910496842,0.407595036498971,0.603992960893767,-4.37001244962231e-05,0.0191059258408573,0.943,12,7.002
"stepwise_X",1.26794197856617,0.407595036498971,0.492059123159121,9.74122678616988e-05,0.0745568196755509,0.966,12,6.989
"two_step_LASSO",0.987761067527184,0.407595036498971,0.604211754671394,-0.000759782414980065,0.0208147985765938,0.939,12,8.083
"two_step_LASSO_X",0.988054498319993,0.407595036498971,0.604094674864849,-0.00084656795113499,0.0202823918312792,0.938,12,7.844
