"","intercept","X","Z1","Z2","Z3","Z4","Z5","Z6","Z7","Z8","Z9","Z10","Z11","Z12","Z13"
"true_values",1,0.533818875234406,0.00117851130197758,0.00117851130197758,0.00117851130197758,0.33333124999349,0.33333124999349,0.33333124999349,0.00117851130197758,0.00117851130197758,0.00117851130197758,0.33333124999349,0.33333124999349,0.33333124999349,NA
"linear",1.00081808763295,0.533298751119016,0.000489305820994967,0.000876556201322515,0.00131543774772214,0.331653742223801,0.333384468433343,0.334248622719357,0.00294171034903507,0.000182429543995789,0.00256674960795443,0.332947188795838,0.332747034471142,0.334553766169692,0.00172668807089676
"stepwise",1.00040845382531,0.53377517510991,NA,NA,NA,0.331708176954798,0.333325764581975,0.334293455384784,NA,NA,NA,0.332718988012308,0.332537852681159,0.334315372835936,NA
"stepwise_X",1.00053321525609,0.533916287502268,NA,NA,NA,NA,NA,NA,0.00301604067398921,-0.00016414866925037,0.00227337951716481,0.332097079674424,0.333833574566182,0.334539986553298,NA
"two_step_LASSO",1.00118550204755,0.533059092819426,NA,NA,NA,0.331620550119507,0.333322734197568,0.334224787063904,NA,NA,NA,0.332951220424784,0.332753008586146,0.334570949949134,NA
"two_step_LASSO_X",1.00129681181312,0.532972307283271,NA,NA,NA,0.331641692860766,0.333299763907177,0.334216880633803,NA,NA,NA,0.332961059381641,0.332790065664619,0.334613753552193,NA
