"","mse","r_squared_X","r_squared_Y","causal_effect_bias","avg_abs_param_bias","coverage","open_paths","blocked_paths"
"linear",0.99793322830353,0.394856847725214,0.599728162558996,0.00330535740697111,0.0118540505921378,1,12,12
"stepwise",0.998040715842615,0.394856847725214,0.599777089061091,0.00333384122927264,0.0113634840304513,1,12,12
"two_step_LASSO",0.998048519667362,0.394856847725214,0.599720839516101,0.00331847572229396,0.0114437215172574,1,12,12
"two_step_least_angle",0.998048519667362,0.394856847725214,0.599720839516101,0.00331847572229396,0.0114437215172574,1,12,12
"two_step_inf_fwd_stage",0.998048519667362,0.394856847725214,0.599720839516101,0.00331847572229396,0.0114437215172574,1,12,12
