"","intercept","X","Z1","Z2","Z3","Z4","Z5","Z6","Z7","Z8","Z9","Z10","Z11","Z12","Z13"
"true_values",1,0.449003050172629,0.117851130197758,0.117851130197758,0.117851130197758,0.311804782231162,0.311804782231162,0.311804782231162,0.117851130197758,0.117851130197758,0.117851130197758,0.311804782231162,0.311804782231162,0.311804782231162,NA
"linear",1.00241144001073,0.447394955400735,0.11977182149607,0.116759580785368,0.116340125421776,0.312012764975752,0.311857419842685,0.312018954312563,0.116286879417974,0.116926801458282,0.119080711010924,0.311196169246288,0.312819154735068,0.310524208471135,0.00154263374551378
"stepwise",1.00239304299574,0.447402951451849,0.119767138135452,0.116756309177907,0.116352453066592,0.312007706594002,0.311859183459508,0.312021206461862,0.116274700813464,0.1169162775802,0.119073824480138,0.311198888309206,0.312813599490358,0.310524645244465,NA
"two_step_LASSO",1.00239044231454,0.447409598623554,0.119769245836339,0.116752963701897,0.11634690622195,0.312020627399956,0.311860296239643,0.312019765302724,0.116272653687914,0.11691999972513,0.119064639505927,0.3112008944868,0.31282085413003,0.310525235321352,NA
"iv_2sls",1.00241144001073,0.447394955400735,0.11977182149607,0.116759580785368,0.116340125421776,0.312012764975752,0.311857419842685,0.312018954312563,0.116286879417974,0.116926801458282,0.119080711010924,0.311196169246288,0.312819154735068,0.310524208471135,0.00154263374551378
"prop_score_based",1.00240458875698,0.447399082056818,0.119770004384546,0.116755778434369,0.116341076679811,0.312021572262788,0.311861331681363,0.312023117731898,0.116277751197547,0.116921939143758,0.119069822069783,0.311191607726552,0.312823470242806,0.310525673031061,NA
