"","intercept","X","Z1","Z2","Z3","Z4","Z5","Z6","Z7","Z8","Z9","Z10","Z11","Z12","Z13"
"true_values",1,0.449003050172629,0.117851130197758,0.117851130197758,0.117851130197758,0.311804782231162,0.311804782231162,0.311804782231162,0.117851130197758,0.117851130197758,0.117851130197758,0.311804782231162,0.311804782231162,0.311804782231162,NA
"linear",0.998148468058933,0.449418812053746,0.117055561501198,0.117571720141122,0.119106344430672,0.310860995528439,0.311213412479996,0.311632812701952,0.116450889910499,0.120605613183148,0.117089518704227,0.310347943444999,0.311854924979397,0.310599907918279,-0.002444118108868
"stepwise",0.990840565492638,0.456690685163929,NA,NA,NA,0.309931787545293,0.310335970751191,0.310804448816263,NA,NA,NA,0.308062393151294,0.309565056002394,0.308251876305416,NA
"stepwise_X",0.992119006327192,0.455474836597679,NA,NA,NA,NA,NA,NA,0.114452978459859,0.118440737467216,0.114869115720856,0.308371939874703,0.310446504661925,0.308533821788169,NA
"two_step_LASSO",0.997804737820698,0.449800208296016,NA,NA,NA,0.310829212722427,0.311174817909735,0.311540911559623,NA,NA,NA,0.310246776976207,0.311583673039308,0.310476703809408,NA
"two_step_LASSO_X",0.997804737820698,0.449800208296016,NA,NA,NA,0.310829212722427,0.311174817909735,0.311540911559623,NA,NA,NA,0.310246776976207,0.311583673039308,0.310476703809408,NA
