"","intercept","X","Z1","Z2","Z3","Z4","Z5","Z6","Z7","Z8","Z9","Z10","Z11","Z12","Z13"
"true_values",1,0.449003050172629,0.117851130197758,0.117851130197758,0.117851130197758,0.311804782231162,0.311804782231162,0.311804782231162,0.117851130197758,0.117851130197758,0.117851130197758,0.311804782231162,0.311804782231162,0.311804782231162,NA
"linear",0.97956505656762,0.458433647623671,0.106905926866613,0.12334299213545,0.126067021137888,0.306952539161957,0.320203699494032,0.316123239687172,0.135478432731317,0.139009695685793,0.0975397503986351,0.301990958391947,0.310635487963556,0.302444740046384,0.00660586669100243
"stepwise",0.969770657312383,0.468293361208907,NA,NA,0.125244709742831,0.304555227754204,0.318982897813738,0.314772565748946,0.132152987402177,NA,NA,0.299883087895354,0.307543740428366,0.300109556402628,NA
"stepwise_X",0.972398218422408,0.464452065731783,0.10406896333242,NA,NA,NA,NA,NA,0.131946554685038,0.137536749446298,0.0954087206977154,0.305030948064361,0.309387019004168,0.301643281754184,NA
"two_step_LASSO",0.978495209658283,0.459282368336642,NA,NA,0.126447619546876,0.3071586992258,0.319978820591681,0.315897038999827,0.134905720164333,0.13888274324232,0.0974795801632086,0.301393867943692,0.310163124715736,0.301909220068263,NA
"two_step_LASSO_X",0.978495209658283,0.459282368336642,NA,NA,0.126447619546876,0.3071586992258,0.319978820591681,0.315897038999827,0.134905720164333,0.13888274324232,0.0974795801632086,0.301393867943692,0.310163124715736,0.301909220068263,NA
