"","intercept","X","Z1","Z2","Z3","Z4","Z5","Z6","Z7","Z8","Z9","Z10","Z11","Z12","Z13"
"true_values",1,0.264580418759451,0.207055548102435,0.207055548102435,0.207055548102435,0.251396101799531,0.251396101799531,0.251396101799531,0.311126983722081,0.311126983722081,0.311126983722081,0.342239682094289,0.342239682094289,0.342239682094289,NA
"linear",0.998783375386396,0.267885776166421,0.203419909042932,0.202949080789252,0.203246423975992,0.251183074085596,0.255251995935557,0.256324574024176,0.312590477451965,0.31316042703383,0.317292024113661,0.34288912557545,0.341857503644312,0.3346898550649,0.00339988466068166
"stepwise",0.998756826879638,0.267914259988722,0.203472541134001,0.202875457861611,0.203284440185428,0.251199682206695,0.255278855719211,0.256281378693959,0.312615834123109,0.3131562975787,0.317292713951415,0.342871226441895,0.341926578542202,0.334712189577777,NA
"two_step_LASSO",0.998724882179547,0.267898894481744,0.203449606905591,0.202937097508019,0.203251743089577,0.251121486808759,0.255280303801262,0.256366325600091,0.312687854255262,0.313148476446322,0.317331143594337,0.342898979644756,0.341827515030023,0.334715346709589,NA
"two_step_least_angle",0.998724882179547,0.267898894481744,0.203449606905591,0.202937097508019,0.203251743089577,0.251121486808759,0.255280303801262,0.256366325600091,0.312687854255262,0.313148476446322,0.317331143594337,0.342898979644756,0.341827515030023,0.334715346709589,NA
"two_step_inf_fwd_stage",0.998724882179547,0.267898894481744,0.203449606905591,0.202937097508019,0.203251743089577,0.251121486808759,0.255280303801262,0.256366325600091,0.312687854255262,0.313148476446322,0.317331143594337,0.342898979644756,0.341827515030023,0.334715346709589,NA
