"","mse","r_squared_X","r_squared_Y","causal_effect_bias","avg_abs_param_bias","coverage","open_paths","blocked_paths"
"linear",0.999374156661847,0.399627305505667,0.599138973579331,-0.001608094771894,0.00831184196861571,0.93,12,12
"stepwise",0.999415899484384,0.399627305505667,0.599122245274282,-0.00160009872078073,0.00798233728660565,0.93,12,12
"two_step_LASSO",0.999417497140503,0.399627305505667,0.599121575611018,-0.00159345154907548,0.00799687573316351,0.93,12,12
"iv_2sls",0.999374156661847,0.399627305505667,0.599138973579331,-0.001608094771894,0.00831184196861571,0.93,12,12
"prop_score_based",0.999388777598958,0.399627305505667,0.599133123291034,-0.00160396811581118,0.00818692954451841,0.93,12,12
