"","mse","r_squared_X","r_squared_Y","causal_effect_bias","avg_abs_param_bias","coverage","open_paths","blocked_paths"
"linear",0.984473076450115,0.426635059919662,0.611567976868008,0.00943059745104208,0.0328890392428242,1,12,12
"stepwise",0.987123270716706,0.426635059919662,0.610502849082752,0.0192903110362782,0.0356919976138252,1,12,11.1
"stepwise_X",1.02799981492869,0.426635059919662,0.593742302176311,0.015449015559154,0.039865086790334,1,12,11.4
"two_step_LASSO",0.984804620884124,0.426635059919662,0.611440093723847,0.0102793181640125,0.0325656434693087,1,12,11.8
"two_step_LASSO_X",0.984804620884124,0.426635059919662,0.611440093723847,0.0102793181640125,0.0325656434693087,1,12,11.8
