"","intercept","X","Z1","Z2","Z3","Z4","Z5","Z6","Z7","Z8","Z9","Z10","Z11","Z12","Z13"
"true_values",1,0.534846922834953,0,0,0,0.333333333333333,0.333333333333333,0.333333333333333,0,0,0,0.333333333333333,0.333333333333333,0.333333333333333,NA
"linear",0.998676718650782,0.536434713035705,0.00269989305217794,-0.00546960548733932,-0.00438011557875332,0.337282441996923,0.328656048794519,0.331724346175427,0.0026743600580361,-0.0058882833720579,-0.00917356323254863,0.336643142512226,0.332529985426995,0.34328629356535,-0.00647958708314808
"stepwise",1.00016084818707,0.535199387070596,NA,NA,NA,0.336414977374024,0.328793820509893,0.332121791778147,NA,NA,NA,0.336890970815253,0.333546283105411,0.343306254475593,NA
"stepwise_X",0.994927560266913,0.538151731688738,NA,NA,NA,NA,NA,NA,0.00331116310575979,-0.00549479332223142,-0.00911049799833863,0.336994942964572,0.330544117155291,0.343153039538914,NA
"two_step_LASSO",1.00101618736185,0.533780303360783,NA,NA,NA,0.33683218248834,0.328533658967688,0.331566904582188,NA,NA,NA,0.336998686772017,0.333611595151395,0.343634424729887,NA
"two_step_LASSO_X",1.00121798760227,0.533630702611907,NA,NA,NA,0.336677249283437,0.328552250956057,0.331481980272501,NA,NA,NA,0.337004949070693,0.333723508864399,0.343649553792069,NA
