"","intercept","X","Z1","Z2","Z3","Z4","Z5","Z6","Z7","Z8","Z9","Z10","Z11","Z12","Z13"
"true_values",1,0.605535725226796,0.235702260395516,0.235702260395516,0.235702260395516,0.283278861866266,0.283278861866266,0.283278861866266,0.0785674201318386,0.0785674201318386,0.0785674201318386,0.0785674201318386,0.0785674201318386,0.0785674201318386,NA
"linear",0.998783375386393,0.608841082633767,0.231857868281754,0.231387040028073,0.231684383214813,0.283498602387557,0.287567524237518,0.288640102326137,0.0799515642108762,0.0805215137927423,0.0846531108725726,0.0792232127855001,0.0781915908543621,0.0710239422749499,0.00339988466068168
"stepwise",0.998756826879634,0.608869566456069,0.231908701449386,0.231311618176996,0.231720600500814,0.283518939876465,0.287598113388981,0.288600636363729,0.0799762370886886,0.0805167005442804,0.0846531169169947,0.0792053683657564,0.0782607204660631,0.0710463315016379,NA
"two_step_LASSO",0.998724882179543,0.60885420094909,0.23188673764448,0.231374228246907,0.231688873828465,0.283438732682974,0.287597549675476,0.288683571474305,0.0800486260909708,0.0805092482820308,0.0846919154300456,0.079233092053426,0.0781616274386936,0.0710494591182594,NA
"two_step_least_angle",0.998724882179543,0.60885420094909,0.23188673764448,0.231374228246907,0.231688873828465,0.283438732682974,0.287597549675476,0.288683571474305,0.0800486260909708,0.0805092482820308,0.0846919154300456,0.079233092053426,0.0781616274386936,0.0710494591182594,NA
"two_step_inf_fwd_stage",0.998724882179543,0.60885420094909,0.23188673764448,0.231374228246907,0.231688873828465,0.283438732682974,0.287597549675476,0.288683571474305,0.0800486260909708,0.0805092482820308,0.0846919154300456,0.079233092053426,0.0781616274386936,0.0710494591182594,NA
