"","intercept","X","Z1","Z2","Z3","Z4","Z5","Z6","Z7","Z8","Z9","Z10","Z11","Z12","Z13","Z14","Z15","Z16","Z17"
"true_values",1,0.449003050172629,0.102062072615966,0.102062072615966,0.102062072615966,0.102062072615966,0.270030862433661,0.270030862433661,0.270030862433661,0.270030862433661,0.102062072615966,0.102062072615966,0.102062072615966,0.102062072615966,0.270030862433661,0.270030862433661,0.270030862433661,0.270030862433661,NA
"linear",1.00668912079538,0.446181768081653,0.0892131927824859,0.0709566443842103,0.111160760678432,0.0657452654969035,0.282942978172003,0.27351463726971,0.294014870909102,0.279122449641679,0.101780131446835,0.118826577887127,0.106149806295035,0.0861284420689373,0.272891967482703,0.247093720507753,0.279034987343131,0.254264833098066,-0.0362220615062832
"stepwise",0.989763775555293,0.463887346033525,NA,NA,NA,NA,0.279263879058561,0.269485202637852,0.291665044794096,0.279413939351329,NA,NA,NA,NA,0.268999213113644,0.241430356723852,0.274500790527767,0.248699964764018,NA
"stepwise_X",0.987626834294996,0.459621041818005,NA,NA,NA,NA,NA,NA,NA,NA,0.0971961920048126,0.113206134205444,0.106215970782435,0.0844301764388146,0.267839053907868,0.238170198073777,0.276783144148435,0.253310831585334,NA
"two_step_LASSO",1.00539119311237,0.44653799506952,NA,NA,0.111892650828833,NA,0.282286245780617,0.272941555512106,0.292712711489782,0.279341533674141,0.100971592334838,0.119976405676811,0.106559498135628,NA,0.272380234861804,0.246151969740917,0.279823706525838,0.253558913066967,NA
"two_step_LASSO_X",1.00539119311237,0.44653799506952,NA,NA,0.111892650828833,NA,0.282286245780617,0.272941555512106,0.292712711489782,0.279341533674141,0.100971592334838,0.119976405676811,0.106559498135628,NA,0.272380234861804,0.246151969740917,0.279823706525838,0.253558913066967,NA
