"","mse","r_squared_X","r_squared_Y","causal_effect_bias","avg_abs_param_bias","coverage","open_paths","blocked_paths"
"linear",0.979007228928147,0.417839018350422,0.612459480305176,-0.000755033352942185,0.0382771388579695,0.93,4,4
"stepwise",0.986527009803813,0.417839018350422,0.60947300196862,-0.00254377095169105,0.0272436755778763,0.89,4,4
"stepwise_X",1.26479850297878,0.417839018350422,0.499557582353884,-0.001589615715823,0.0770455157425305,0.95,4,4
"two_step_LASSO",0.984065193090976,0.417839018350422,0.610469713948862,-0.00164328684262011,0.0308557456785064,0.91,4,4
"two_step_LASSO_X",0.985452407757405,0.417839018350422,0.609935962138103,-0.00186233485285734,0.0294953727686256,0.9,4,4
