"","intercept","X","Z1","Z2","Z3","Z4","Z5","Z6","Z7","Z8","Z9","Z10","Z11","Z12","Z13","Z14","Z15","Z16","Z17"
"true_values",1,0.534846922834953,0,0,0,0,0.288675134594813,0.288675134594813,0.288675134594813,0.288675134594813,0,0,0,0,0.288675134594813,0.288675134594813,0.288675134594813,0.288675134594813,NA
"linear",1.00089729079517,0.534109143964583,-0.000272411668924684,0.000232586605867734,-4.18205291445026e-05,-0.000208633685961669,0.288734936853705,0.28834132003801,0.288555413722258,0.288808170324119,0.000791320879814887,0.000466853724813635,-7.48167286533129e-05,0.000784216595131049,0.288640809941978,0.288956691646524,0.28900447429155,0.288949778644389,-0.000190892096924005
"stepwise",1.00072792877838,0.534277957478235,-0.000199574631459799,0.000154729750472631,-8.56858897779772e-05,1.16475027463196e-05,0.288745156455409,0.288337955303925,0.288550637265983,0.288790572771468,0.000524728808437182,0.000288611302847294,-0.000185330553854586,0.000581083827525033,0.288587286792095,0.288906423290706,0.288954085069423,0.288890620771917,-0.000124358000009026
"stepwise_X",1.00075809813592,0.534086581601648,4.22410956179497e-05,0.000151224336715938,0.00023703743970724,-0.000305882421718301,0.0477519544666559,0.0411904328952367,0.046829677297278,0.0534527041307508,0.000429743766152728,0.000523811854038709,-0.000432835847431258,0.00060436706295261,0.288723574302712,0.288942316920446,0.289227779387877,0.288839477796679,-0.000235703435276101
"two_step_LASSO",1.00091499461305,0.534090558918979,-0.000242388504952201,0.000253411613078309,-0.000157612750762933,-7.12806640228072e-05,0.288733880621742,0.288334175427555,0.288553492819872,0.288801623789487,0.000721677862161936,0.000598709050303398,-3.70852566901878e-05,0.000768475175294825,0.288642600717476,0.288960874460566,0.289005735212124,0.28895429873414,-0.00020272439203753
"two_step_LASSO_X",1.0008162088834,0.534066230687666,-5.58020514016239e-05,0.000565325329060282,0.000263892552310916,-0.000171421422030189,0.14833279260771,0.145136683919299,0.143039654294751,0.151911997320641,0.000690469966343358,0.000651221628220274,-0.000375294589823683,0.000670680737432829,0.288734131196421,0.289026441051457,0.289182498507595,0.288721442553943,-0.000153869636033651
