"","mse","r_squared_X","r_squared_Y","causal_effect_bias","avg_abs_param_bias","coverage","open_paths","blocked_paths"
"linear",0.962352012627431,0.419981710030023,0.613934745426068,0.00140828175476962,0.037976375401273,0.955,16,16
"stepwise",0.966314502299203,0.419981710030023,0.612343632399892,0.012998633523387,0.0408551537123645,0.906,16,14.283
"stepwise_X",1.03135834873151,0.419981710030023,0.586096807440318,0.0129538661824455,0.0503491053646796,0.947,16,14.385
"two_step_LASSO",0.963570410888754,0.419981710030023,0.61344732879564,0.00171055336959759,0.0369775396971585,0.948,16,15.626
"two_step_LASSO_X",0.963570410888754,0.419981710030023,0.61344732879564,0.00171055336959759,0.0369775396971585,0.948,16,15.626
