"","intercept","X","Z1","Z2","Z3","Z4","Z5","Z6","Z7","Z8","Z9","Z10","Z11","Z12","Z13","Z14","Z15","Z16","Z17"
"true_values",1,0.534846922834953,0,0,0,0,0.288675134594813,0.288675134594813,0.288675134594813,0.288675134594813,0,0,0,0,0.288675134594813,0.288675134594813,0.288675134594813,0.288675134594813,NA
"linear",1.00416336564984,0.533221580690536,-0.00302852839877058,0.00133647881772545,0.00404562612800368,-0.0023140200549463,0.283539235520266,0.282887103082745,0.29221677058632,0.289096029842705,0.00415096950404977,-0.00149201975193098,-0.00620988600460045,-0.00216647283626144,0.290286055612774,0.285916286113688,0.293429408689797,0.292898614586261,-0.00537796979956583
"stepwise",1.00487263680949,0.532499729748795,0,-0.000526408403813236,0.00196504038400835,-0.00202675730955345,0.283432470475686,0.282843480574913,0.292249268758769,0.289085310535214,0.000222169929991042,0.000175711872360861,-0.00126942743215203,-0.00163898045215803,0.290555451151239,0.286206336283699,0.293690728604229,0.293017720983011,-0.00169009685605829
"stepwise_X",1.00475263314092,0.531951596742256,0,0.000142737320728738,-0.000311437857968656,0.000137065321721097,0.11273475826251,0,0.0881464012698219,0.0591046310739146,0.00463093243070251,0.00119597232641908,-0.00674799612921578,-0.000528386430991948,0.290026338363212,0.286717291683517,0.293705930875168,0.292767310920642,0
"two_step_LASSO",1.00415652287023,0.533191620154669,-0.00203479890157043,0.00104323973262687,0.00377176306205552,-0.00374770082200503,0.283516785044594,0.282845180456199,0.292222832894209,0.289127144940262,0.00340661090952639,-0.00151978798271575,-0.00658355745852804,-0.000865956450149951,0.290232226095569,0.285957173169893,0.293456554381298,0.292908483905621,-0.00397845216764444
"two_step_LASSO_X",1.00532561665807,0.532224996340403,-0.000333908622309601,0.00173519574607057,0.000713498364783719,-0.000206656108161516,0.196462697143458,0.0859978360834286,0.20574690201395,0.174190716247883,0.00372052780414954,0.000660670757560499,-0.006735328716095,-0.00281380644948199,0.290609546401337,0.287385085694673,0.29300525814443,0.291504385123866,-0.00073261430450481
