"","mse","r_squared_X","r_squared_Y","causal_effect_bias","avg_abs_param_bias","coverage","open_paths","blocked_paths"
"linear",0.995005377594497,0.395596063501582,0.600511888448877,0.00113545591683106,0.0117572623802575,0.9,16,16
"stepwise",0.995054429556317,0.395596063501582,0.60055813859916,0.00115524117908703,0.0114724505009241,0.9,16,16
"two_step_LASSO",0.995080248490764,0.395596063501582,0.6005532194546,0.00112270590203243,0.0114694871782624,0.9,16,16
"two_step_least_angle",0.995080248490764,0.395596063501582,0.6005532194546,0.00112270590203243,0.0114694871782624,0.9,16,16
"two_step_inf_fwd_stage",0.995080248490764,0.395596063501582,0.6005532194546,0.00112270590203243,0.0114694871782624,0.9,16,16
