"","intercept","X","Z1","Z2","Z3","Z4","Z5","Z6","Z7","Z8","Z9","Z10","Z11","Z12","Z13","Z14","Z15","Z16","Z17"
"true_values",1,0.449003050172629,0.102062072615966,0.102062072615966,0.102062072615966,0.102062072615966,0.270030862433661,0.270030862433661,0.270030862433661,0.270030862433661,0.102062072615966,0.102062072615966,0.102062072615966,0.102062072615966,0.270030862433661,0.270030862433661,0.270030862433661,0.270030862433661,NA
"linear",0.998312183910986,0.450411331927399,0.104730654194659,0.102554895937688,0.101165444414154,0.104565432807431,0.269179308817854,0.268798574966537,0.268532667711192,0.272552420480648,0.103458946098025,0.0991793849495907,0.103238037339637,0.102546751958779,0.270996719326121,0.271008851324766,0.268055529035461,0.270362908688947,-0.00189830374889236
"stepwise",0.986623022623457,0.462001683696016,NA,NA,NA,NA,0.268035486670974,0.267577562203159,0.267277292731043,0.271296783943084,NA,NA,NA,NA,0.268029602786314,0.267892278447808,0.264828925972591,0.267135671206063,NA
"stepwise_X",0.986481319138459,0.461956916355075,NA,NA,NA,NA,NA,NA,NA,NA,0.100951406655272,0.0961710149505864,0.100668253757386,0.0997578766687981,0.267485726011386,0.267609365075404,0.26460616642088,0.267326435212183,NA
"two_step_LASSO",0.997911691433396,0.450713603542227,NA,NA,NA,NA,0.269195375015828,0.268764416489568,0.268467346496887,0.272616210628429,NA,NA,NA,NA,0.270874326891475,0.270869444520038,0.267940136190306,0.270282756486153,NA
"two_step_LASSO_X",0.997911691433396,0.450713603542227,NA,NA,NA,NA,0.269195375015828,0.268764416489568,0.268467346496887,0.272616210628429,NA,NA,NA,NA,0.270874326891475,0.270869444520038,0.267940136190306,0.270282756486153,NA
