"","mse","r_squared_X","r_squared_Y","causal_effect_bias","avg_abs_param_bias","coverage","open_paths","blocked_paths"
"linear",0.995005377594497,0.395216121997523,0.60004872827017,0.00113545591683107,0.0117167603564783,0.9,16,16
"stepwise",0.995054429556317,0.395216121997523,0.600095079745548,0.00115524117908704,0.0114337722649725,0.9,16,16
"two_step_LASSO",0.995080248490764,0.395216121997523,0.600089908945833,0.00112270590203242,0.0114304469970572,0.9,16,16
"two_step_least_angle",0.995080248490764,0.395216121997523,0.600089908945833,0.00112270590203242,0.0114304469970572,0.9,16,16
"two_step_inf_fwd_stage",0.995080248490764,0.395216121997523,0.600089908945833,0.00112270590203242,0.0114304469970572,0.9,16,16
