"","intercept","X","Z1","Z2","Z3","Z4","Z5","Z6","Z7","Z8","Z9","Z10","Z11","Z12","Z13","Z14","Z15","Z16","Z17"
"true_values",1,0.449003050172629,0.102062072615966,0.102062072615966,0.102062072615966,0.102062072615966,0.270030862433661,0.270030862433661,0.270030862433661,0.270030862433661,0.102062072615966,0.102062072615966,0.102062072615966,0.102062072615966,0.270030862433661,0.270030862433661,0.270030862433661,0.270030862433661,NA
"linear",0.998512614865479,0.449282476870771,0.102334342087603,0.103954206880108,0.10179877175865,0.101436475828295,0.270897758868746,0.271086146619099,0.26963976409424,0.27066842049469,0.100633953410903,0.101978193599539,0.100980876422648,0.102179196156829,0.270743313284924,0.270574545706631,0.269978634683431,0.268531879327751,0.00159385395318564
"stepwise",0.998505820768071,0.449280748566849,0.102332067419877,0.103955526819669,0.101785474047644,0.101424824892962,0.270895925461662,0.271079312326263,0.269640181551462,0.270671395160274,0.100631980668992,0.101984564774397,0.100973097350175,0.10218751441256,0.270744131353792,0.270571656822023,0.269973211933593,0.268520304126318,NA
"two_step_LASSO",0.998509135678667,0.449273599851769,0.102342598769362,0.10395949931588,0.101794883307143,0.101433542247535,0.27090116383894,0.271075490103383,0.269642219066805,0.270670103396832,0.100632709567208,0.101981245154916,0.100984653659992,0.102192322506918,0.270741220225834,0.270567036416956,0.26996571689966,0.268523036122578,NA
"iv_2sls",0.998512614865479,0.449282476870771,0.102334342087603,0.103954206880108,0.10179877175865,0.101436475828295,0.270897758868746,0.271086146619099,0.26963976409424,0.27066842049469,0.100633953410903,0.101978193599539,0.100980876422648,0.102179196156829,0.270743313284924,0.270574545706631,0.269978634683431,0.268531879327751,0.00159385395318564
"prop_score_based",0.998041371787574,0.449755314764287,0.10225441525759,0.10390945637974,NA,0.101397419096135,0.270849827392966,0.271033501588138,0.269610086035515,0.270640499171141,0.100525257113716,0.101882716714259,0.10087107934335,NA,0.270634224626241,0.270444918122595,0.269834626965579,0.268368015358647,NA
