"","intercept","X","Z1","Z2","Z3","Z4","Z5","Z6","Z7","Z8","Z9","Z10","Z11","Z12","Z13","Z14","Z15","Z16","Z17"
"true_values",1,0.534846922834953,0,0,0,0,0.288675134594813,0.288675134594813,0.288675134594813,0.288675134594813,0,0,0,0,0.288675134594813,0.288675134594813,0.288675134594813,0.288675134594813,NA
"linear",0.992431674627281,0.534091889482011,-0.00357705234320763,-0.00356875122994056,-0.00495122647650182,-0.000623218343749261,0.289038555893706,0.293409386217036,0.288906366025985,0.286720809730357,0.00664882590344103,-0.00685734172248877,-0.00202292214099799,-0.00505568749199318,0.296166101959715,0.29032817279004,0.293080837094998,0.289744752119601,0.00731785620939643
"stepwise",0.993399785814144,0.532303151883262,NA,NA,NA,NA,0.289361688187895,0.293355500922757,0.288247576383174,0.286683513161792,NA,NA,NA,NA,0.29672354942369,0.290999084496216,0.293585835130477,0.290545954888209,NA
"stepwise_X",0.995030247920884,0.53325730711913,NA,NA,NA,NA,NA,NA,NA,NA,0.00704691384659764,-0.00846874380640435,-0.00166630925641894,-0.0048145344908326,0.296680913454165,0.288686652342508,0.292007557310593,0.292449486553518,NA
"two_step_LASSO",0.992803784053048,0.533203635992333,NA,NA,NA,NA,0.288897677720466,0.292954495145861,0.288639092004321,0.286587670891017,NA,NA,NA,NA,0.296189220907589,0.290589445512473,0.292672753185534,0.289623876741394,NA
"two_step_LASSO_X",0.993097629795508,0.532984587982096,NA,NA,NA,NA,0.28899992256729,0.292986308696634,0.288539444235399,0.286434776168362,NA,NA,NA,NA,0.295973066479137,0.290784026201355,0.292702133294345,0.289408616225008,NA
