"","X","Z_LL","Z_LH","Z_HL","Z_HH","Z_dummy"
"linear",0,0,0,0,0,0
"stepwise",0,0.00014625,0,0.000109583333333334,0,0
"stepwise_X",0,0.000437583333333333,0.000281666666666667,0,0,0
"two_step_LASSO",0,0.00014625,0,0.000274250000000001,0,0
"two_step_LASSO_X",0,7.42500000000001e-05,0.000161666666666667,0,0,0
