"","mse","r_squared_X","r_squared_Y","causal_effect_bias","avg_abs_param_bias","coverage","open_paths","blocked_paths"
"linear",0.999969106827128,0.402203953535817,0.600761113835601,0.000279426698142265,0.0083350995829227,0.9,16,16
"stepwise",1.00001966526427,0.402203953535817,0.600740980676249,0.000277698394219311,0.00804477463354222,0.9,16,16
"two_step_LASSO",1.00001941111803,0.402203953535817,0.600741058276155,0.000270549679139288,0.00807818738667715,0.9,16,16
"iv_2sls",0.999969106827128,0.402203953535817,0.600761113835601,0.000279426698142265,0.0083350995829227,0.9,16,16
"prop_score_based",1.00030843451481,0.402203953535817,0.600626980709079,0.000752264591658009,0.00845136954812548,0.89,16,15.97
