"","pred_mse","r_squared_X","r_squared_Y","model_SE","emp_SE","causal_effect_est","causal_effect_mcse","causal_effect_bias","avg_abs_param_bias","coverage","open_paths","blocked_paths"
"linear",0.998134508832905,0.400859723464229,0.600597569127885,0.0103617072297175,0.0103353816664065,0.534109143964583,0.000326833465529911,-0.000737778870370142,0.00837096293535385,0.953,4,4
"stepwise",0.998521407832206,0.400859723464229,0.600442743956177,0.00952111186298957,0.00950407941279916,0.534277957478235,0.00030054538007561,-0.000568965356717873,0.0058427955901464,0.936,4,4
"stepwise_X",1.27705253301609,0.400859723464229,0.488997846432334,0.0110435591314637,0.0110173272984686,0.534086581601648,0.000348398479907106,-0.000760341233304931,0.0566191337728411,0.965,4,4
"two_step_LASSO",0.998209853607418,0.400859723464229,0.600567435680739,0.0100981442660154,0.0100697496783605,0.534090558918979,0.000318433444513671,-0.000756363915973728,0.00751084889089701,0.937,4,4
"two_step_LASSO_X",1.16165843512128,0.400859723464229,0.535192324018327,0.0105276094346906,0.010498593719648,0.534066230687666,0.000331994683828268,-0.000780692147287391,0.0367036535155641,0.962,4,4
