"","X","Z_LL","Z_LH","Z_HL","Z_HH","Z_dummy"
"linear",0,0,0,0,0,0
"stepwise",0,0.00666666666666667,0,0.00666666666666667,0,0
"stepwise_X",0,0.0166666666666667,0.0291666666666667,0,0,0
"two_step_LASSO",0,0.0158333333333333,0,0.0466666666666667,0,0
"two_step_LASSO_X",0,0.0291666666666667,0.0358333333333333,0,0,0
