"","intercept","X","Z_LL","Z_LH","Z_HL","Z_HH","Z_dummy"
"true_values",1,0.534846922834953,0,0.288675134594813,0,0.288675134594813,NA
"linear",1.00089729079517,0.534109143964583,-7.25698195407802e-05,0.288609960234523,0.000491893617776564,0.28888793863111,-0.000190892096924005
"stepwise",1.00072792877838,0.534277957478235,-2.97208170047066e-05,0.288606080449196,0.000302273346238731,0.288834603981035,-0.000124358000009026
"stepwise_X",1.00075809813592,0.534086581601648,3.11551125807066e-05,0.0473061921974803,0.000281271708928197,0.288933287101928,-0.000235703435276101
"two_step_LASSO",1.00091499461305,0.534090558918979,-5.44675766649079e-05,0.288605793164664,0.000512944207767493,0.288890877281076,-0.00020272439203753
"two_step_LASSO_X",1.0008162088834,0.534066230687666,0.000150498601984846,0.1471052820356,0.000409269435543194,0.288916128327354,-0.000153869636033651
