"","pred_mse","r_squared_X","r_squared_Y","model_SE","emp_SE","causal_effect_est","causal_effect_mcse","causal_effect_bias","avg_abs_param_bias","coverage","open_paths","blocked_paths"
"linear",0.998141629641991,0.401253434250811,0.600741560973562,0.0100109730960285,0.010087306215466,0.534781116632392,0.000319141453740782,-6.58062025610993e-05,0.00836474895197632,0.941,4,4
"stepwise",0.998525091239423,0.401253434250811,0.600588196459678,0.00886016302366551,0.00956695619824719,0.534669978563927,0.000302633323599176,-0.000176944271026617,0.00590707416300814,0.928,4,4
"stepwise_X",1.2752912564676,0.401253434250811,0.48989757174415,0.0113058093138331,0.0107929015296832,0.534711484323577,0.000341445405304975,-0.000135438511376212,0.0562168459566563,0.959,4,4
"two_step_LASSO",0.998214733853557,0.401253434250811,0.600712347718832,0.00928296042564785,0.00990197869189421,0.53474085123017,0.000313266766345046,-0.000106071604783531,0.00753479531261517,0.932,4,4
"two_step_LASSO_X",1.16198450646141,0.401253434250811,0.535221136370135,0.0107896496205557,0.0102128382026928,0.534720389902302,0.000323095100574664,-0.000126532932651109,0.0368196719643356,0.953,4,4
