"","pred_mse","r_squared_X","r_squared_Y","causal_effect_est","causal_effect_mcse","causal_effect_bias","avg_abs_param_bias","coverage","open_paths","blocked_paths"
"linear",0.985778044525327,0.410817506186137,0.605620898433665,0.537762384456816,0.00326557420442862,0.00291546162186327,0.0268724048306655,0.94,4,4
"stepwise",0.989652373285655,0.410817506186137,0.604067354351938,0.538039923081973,0.00296927809233575,0.00319300024701955,0.0186537871289958,0.95,4,4
"stepwise_X",1.26222370215438,0.410817506186137,0.494986917508743,0.537148251841092,0.00340102398914515,0.00230132900613885,0.069007928880342,0.96,4,4
"two_step_LASSO",0.986551092268445,0.410817506186137,0.60530916776143,0.538209650528277,0.00324869477169654,0.00336272769332405,0.0241875476830839,0.91,4,4
"two_step_LASSO_X",1.15501940243567,0.410817506186137,0.537765968500262,0.537414627155861,0.00326671356322275,0.002567704320908,0.0531077758960943,0.96,4,4
