"","mse","r_squared_X","r_squared_Y","causal_effect_bias","avg_abs_param_bias","coverage","open_paths","blocked_paths"
"linear",0.978585344012446,0.43679533410905,0.610671920515815,-0.00282128209097604,0.0379267983195209,1,16,16
"stepwise",0.984494831494301,0.43679533410905,0.608285616452758,0.0148842958608953,0.0435131758473737,0.9,16,13.5
"stepwise_X",1.0499112338476,0.43679533410905,0.581819493411754,0.0106179916453759,0.0488484499025456,0.9,16,14.6
"two_step_LASSO",0.981584473270138,0.43679533410905,0.609461619880285,-0.00246505510310885,0.0358375748143812,1,16,15.5
"two_step_LASSO_X",0.981584473270138,0.43679533410905,0.609461619880285,-0.00246505510310885,0.0358375748143812,1,16,15.5
