"","intercept","X","Z1","Z2","Z3","Z4","Z5","Z6","Z7","Z8","Z9","Z10","Z11","Z12","Z13","Z14","Z15","Z16","Z17"
"true_values",1,0.533818875234406,0.00102062072615966,0.00102062072615966,0.00102062072615966,0.00102062072615966,0.288673330369583,0.288673330369583,0.288673330369583,0.288673330369583,0.00102062072615966,0.00102062072615966,0.00102062072615966,0.00102062072615966,0.288673330369583,0.288673330369583,0.288673330369583,0.288673330369583,NA
"linear",0.999779003119838,0.533826788273272,0.000793233112553196,0.000884550175096296,0.00333826965688642,0.000865653613686248,0.290283112091009,0.287642312894221,0.288051129449663,0.287810039568949,0.000813963581357321,-0.000359724362724027,-0.000410902400553477,0.000819950241161805,0.28933022643257,0.287397492082218,0.288615462045646,0.289052423039658,0.001262631347424
"stepwise",0.999241826881293,0.534327481045694,NA,NA,NA,NA,0.290253677746519,0.287613722359782,0.288042215669462,0.287810380659052,NA,NA,NA,NA,0.28912292264156,0.287244825010804,0.288314927398718,0.288904523167235,NA
"stepwise_X",0.999505855367374,0.533435602377656,NA,NA,NA,NA,NA,NA,NA,NA,-0.000140561147930031,0.000834961244944772,-0.000527495738271149,0.000553151779111343,0.289145270062114,0.286796853509483,0.288473066648007,0.288589492144509,NA
"two_step_LASSO",0.999715706516762,0.533918624642837,NA,NA,NA,NA,0.290171064695603,0.287528140900465,0.288012765580004,0.287787605752978,NA,NA,NA,NA,0.289193068404047,0.287258601480793,0.288392420884409,0.288902087145911,NA
"two_step_LASSO_X",0.999678047692904,0.533919236153615,NA,NA,NA,NA,0.290185455141049,0.287536485601741,0.288044385314125,0.287818589304499,NA,NA,NA,NA,0.289193478333603,0.287256075270488,0.288401454296981,0.288909703003585,NA
