"","intercept","X","Z_LL","Z_LH","Z_HL","Z_HH","Z_dummy"
"true_values",1,0.534846922834953,0,0.288675134594813,0,0.288675134594813,NA
"linear",0.997332847209672,0.535811034540657,0.000487259184924776,0.288950830959975,-4.45248994090036e-06,0.28830980392606,-2.11809832564018e-05
"stepwise",0.997011576055592,0.536142814148649,NA,0.288950429399984,NA,0.2882121872412,NA
"stepwise_X",0.997512528867188,0.535659356053085,NA,NA,-3.54142833619622e-05,0.288025928497982,NA
"two_step_LASSO",0.997349001977368,0.535792843097831,NA,0.288938602049725,NA,0.288313179780889,NA
"two_step_LASSO_X",0.997462162431401,0.535779810559115,NA,NA,0.000161563913184399,0.288362291512849,NA
