"","intercept","X","Z1","Z2","Z3","Z4","Z5","Z6","Z7","Z8","Z9","Z10","Z11","Z12","Z13","Z14","Z15","Z16","Z17"
"true_values",1,0.534846922834953,0,0,0,0,0.288675134594813,0.288675134594813,0.288675134594813,0.288675134594813,0,0,0,0,0.288675134594813,0.288675134594813,0.288675134594813,0.288675134594813,NA
"linear",1.00337935664271,0.537762384456816,0.00140698916530497,0.00116339773713608,-0.000363825603634067,-0.00043843605156046,0.288531496270512,0.285304951321363,0.28685434176128,0.289732995605152,0.00206468337107283,0.00129286151955023,-0.00359509719855388,0.00306199855203161,0.288065492691792,0.286182061629793,0.28440592987619,0.290100824033953,-0.000554500029620638
"stepwise",1.00285384669716,0.538039923081973,NA,NA,NA,NA,0.288594368266978,0.285211186231963,0.286831380161032,0.289500799294993,NA,NA,NA,NA,0.288058659709524,0.286293286069615,0.284459880022029,0.289897541319716,NA
"stepwise_X",1.00566668604001,0.537148251841092,NA,NA,NA,NA,NA,NA,NA,NA,0.00214372461766539,0.00275533376524847,-0.00453387269747007,0.00376248133169457,0.288070308300195,0.286795903773664,0.286693034287381,0.290655151750416,NA
"two_step_LASSO",1.00272723335772,0.538209650528277,NA,NA,NA,NA,0.288553412139415,0.285048806152988,0.28676001335875,0.289615689145686,NA,NA,NA,NA,0.28788299834008,0.285958568548964,0.284138812656706,0.289722379579712,NA
"two_step_LASSO_X",1.0047297929341,0.537414627155861,NA,NA,NA,NA,NA,NA,NA,NA,0.00313316789584185,0.00249534112391377,-0.00561986824309899,0.00403734358734122,0.28874483761034,0.286520210229418,0.286285347420956,0.290538076694749,NA
