"","intercept","X","Z1","Z2","Z3","Z4","Z5","Z6","Z7","Z8","Z9","Z10","Z11","Z12","Z13","Z14","Z15","Z16","Z17"
"true_values",1,0.534846922834953,0,0,0,0,0.288675134594813,0.288675134594813,0.288675134594813,0.288675134594813,0,0,0,0,0.288675134594813,0.288675134594813,0.288675134594813,0.288675134594813,NA
"linear",0.997332847209672,0.535811034540657,0.0010646882392453,0.000255374016957637,-0.000474645478201014,0.00110361996169718,0.288745899822509,0.288124523849208,0.288951511267384,0.289981388900797,-0.00136269682376553,5.80184629588242e-06,0.00115447127834602,0.000184613739360028,0.288174079732674,0.288910443536508,0.288468609081466,0.287686083353592,-2.11809832564018e-05
"stepwise",0.997011576055592,0.536142814148649,NA,NA,NA,NA,0.28873752353117,0.288121915555224,0.288973418665143,0.289968859848401,NA,NA,NA,NA,0.288095362949788,0.28876835991233,0.288394281331487,0.287590744771196,NA
"stepwise_X",0.997512528867188,0.535659356053085,NA,NA,NA,NA,NA,NA,NA,NA,-0.00128924368833145,0.000165762126621109,0.00133516179588064,-0.000353337367618153,0.288444517422613,0.288000828497168,0.288522370565085,0.287135997507063,NA
"two_step_LASSO",0.997349001977368,0.535792843097831,NA,NA,NA,NA,0.288739533172466,0.288115516075042,0.288935633203644,0.289963725747748,NA,NA,NA,NA,0.288184401543226,0.288899219380924,0.28846258092504,0.287706517274367,NA
"two_step_LASSO_X",0.997462162431401,0.535779810559115,NA,NA,NA,NA,NA,NA,NA,NA,-0.00124033005769283,0.000200556738909313,0.00163727607403308,4.87528974880325e-05,0.288480033561302,0.288644321417066,0.288942235496384,0.287382575576643,NA
