"","mse","r_squared_X","r_squared_Y","causal_effect_bias","avg_abs_param_bias","coverage","open_paths","blocked_paths"
"linear",0.980483643221246,0.408964125957751,0.606253003875019,7.91303886612965e-06,0.0264537563374724,0.96,16,16
"stepwise",0.984313166330401,0.408964125957751,0.604715231715791,0.000508605811288518,0.0189355149293631,0.935,16,9.288
"stepwise_X",1.26064828356519,0.408964125957751,0.493827691521625,-0.000383272856750261,0.0685724179166894,0.96,16,9.314
"two_step_LASSO",0.983199314087896,0.408964125957751,0.605161825465299,9.97494084313848e-05,0.0212058707603337,0.942,16,10.966
"two_step_LASSO_X",0.983594033670604,0.408964125957751,0.605003455442586,0.00010036091920952,0.0206135276815282,0.943,16,10.608
