"","intercept","X","Z1","Z2","Z3","Z4","Z5","Z6","Z7","Z8","Z9","Z10","Z11","Z12","Z13","Z14","Z15","Z16","Z17"
"true_values",1,0.264580418759451,0.17931536465122,0.17931536465122,0.17931536465122,0.17931536465122,0.217715410570772,0.217715410570772,0.217715410570772,0.217715410570772,0.26944387170615,0.26944387170615,0.26944387170615,0.26944387170615,0.296388258876765,0.296388258876765,0.296388258876765,0.296388258876765,NA
"linear",0.999254796126364,0.265715874676282,0.179216102562812,0.1798094417397,0.182712626640641,0.176314774081074,0.213906990388102,0.220821508992482,0.226056190344903,0.21596377460347,0.263195414145566,0.276722856249554,0.264865772881913,0.275042740400051,0.293558447810732,0.293756417548102,0.293187013937345,0.305135799100887,-0.00168247390501834
"stepwise",0.999205054675716,0.265735659938538,0.179180337663253,0.179815204584326,0.182701927331463,0.176316300654601,0.213907903789074,0.220845851580496,0.226051169865128,0.215954855973687,0.263166491736859,0.27672196329425,0.26483341632726,0.275040924946329,0.293509195455334,0.293761899039956,0.293207933571855,0.305132101194651,NA
"two_step_LASSO",0.999289399426469,0.265703124661484,0.179204119246558,0.179818671291241,0.182720519724842,0.176336608510485,0.21392158786752,0.220895147734391,0.226051115194958,0.215958785536077,0.263213285185591,0.276740451414326,0.264825123936787,0.275055555317981,0.293576102277172,0.29382518667796,0.293227043224789,0.305153284977183,NA
"two_step_least_angle",0.999289399426469,0.265703124661484,0.179204119246558,0.179818671291241,0.182720519724842,0.176336608510485,0.21392158786752,0.220895147734391,0.226051115194958,0.215958785536077,0.263213285185591,0.276740451414326,0.264825123936787,0.275055555317981,0.293576102277172,0.29382518667796,0.293227043224789,0.305153284977183,NA
"two_step_inf_fwd_stage",0.999289399426469,0.265703124661484,0.179204119246558,0.179818671291241,0.182720519724842,0.176336608510485,0.21392158786752,0.220895147734391,0.226051115194958,0.215958785536077,0.263213285185591,0.276740451414326,0.264825123936787,0.275055555317981,0.293576102277172,0.29382518667796,0.293227043224789,0.305153284977183,NA
