"","intercept","X","Z_LL","Z_LH","Z_HL","Z_HH","Z_dummy"
"true_values",1,0.534846922834953,0,0.288675134594813,0,0.288675134594813,NA
"linear",1.00015968172043,0.534781116632392,0.000212083825157234,0.288580376910941,-0.000153327117090286,0.288798481797068,3.16821865393462e-05
"stepwise",1.00027833908537,0.534669978563927,0.00024444419989796,0.288583217191156,-2.53847745517794e-05,0.288831364150666,-3.06675872610299e-05
"stepwise_X",1.0001816338442,0.534711484323577,0.000117276149332541,0.0489887008081544,-9.69495875750402e-05,0.28890917198554,-0.000196118029281006
"two_step_LASSO",1.00019847781061,0.53474085123017,0.000243649444575833,0.288581086531299,-0.00010724126760999,0.288808381806885,-7.45834245894562e-05
"two_step_LASSO_X",1.00026723735439,0.534720389902302,0.000147200515293913,0.146845203009688,-0.000112405401383318,0.288894926556572,-0.000207412328463023
