"","X","Z_LL","Z_LH","Z_HL","Z_HH","Z_dummy"
"linear",0,0,0,0,0,0
"stepwise",0,0.000503583333333334,0,0.000377583333333333,0,0
"stepwise_X",0,0.000114666666666667,4.73333333333332e-05,0,0,0
"two_step_LASSO",0,0.000938249999999999,0,7.66666666666668e-05,0,0
"two_step_LASSO_X",0,0.000112916666666667,0.000211666666666667,0,0,0
