"","intercept","X","Z1","Z2","Z3","Z4","Z5","Z6","Z7","Z8","Z9","Z10","Z11","Z12","Z13","Z14","Z15","Z16","Z17"
"true_values",1,0.605535725226796,0.204124145231932,0.204124145231932,0.204124145231932,0.204124145231932,0.245326690731329,0.245326690731329,0.245326690731329,0.245326690731329,0.0680413817439772,0.0680413817439772,0.0680413817439772,0.0680413817439772,0.0680413817439772,0.0680413817439772,0.0680413817439772,0.0680413817439772,NA
"linear",0.999254796126362,0.606671181143627,0.203962779751528,0.204556118928417,0.207459303829358,0.201061451269791,0.241647017768433,0.248561536372813,0.253796217725234,0.243703801983801,0.0617693179061653,0.0752967600101529,0.0634396766425123,0.0736166441606496,0.0652134595372483,0.0654114292746182,0.0648420256638603,0.0767908108274021,-0.00168247390501834
"stepwise",0.999205054675714,0.606690966405883,0.203925932703487,0.20456079962456,0.207447522371697,0.201061895694835,0.241650174583236,0.248588122374658,0.25379344065929,0.243697126767849,0.0617399841592647,0.0752954557166545,0.0634069087496648,0.0736144173687337,0.0651642400951285,0.0654169436797508,0.0648629782116493,0.0767871458344448,NA
"two_step_LASSO",0.999289399426467,0.606658431128828,0.203951493793186,0.204566045837869,0.20746789427147,0.201083983057114,0.241660169547553,0.248633729414424,0.253789696874991,0.24369736721611,0.0617874540206678,0.0753146202494025,0.0633992927718633,0.0736297241530578,0.0652310927937201,0.0654801771945076,0.0648820337413359,0.0768082754937303,NA
"two_step_least_angle",0.999289399426467,0.606658431128828,0.203951493793186,0.204566045837869,0.20746789427147,0.201083983057114,0.241660169547553,0.248633729414424,0.253789696874991,0.24369736721611,0.0617874540206678,0.0753146202494025,0.0633992927718633,0.0736297241530578,0.0652310927937201,0.0654801771945076,0.0648820337413359,0.0768082754937303,NA
"two_step_inf_fwd_stage",0.999289399426467,0.606658431128828,0.203951493793186,0.204566045837869,0.20746789427147,0.201083983057114,0.241660169547553,0.248633729414424,0.253789696874991,0.24369736721611,0.0617874540206678,0.0753146202494025,0.0633992927718633,0.0736297241530578,0.0652310927937201,0.0654801771945076,0.0648820337413359,0.0768082754937303,NA
