"","intercept","X","Z1","Z2","Z3","Z4","Z5","Z6","Z7","Z8","Z9","Z10","Z11","Z12","Z13","Z14","Z15","Z16","Z17"
"true_values",1,0.534846922834953,0,0,0,0,0.288675134594813,0.288675134594813,0.288675134594813,0.288675134594813,0,0,0,0,0.288675134594813,0.288675134594813,0.288675134594813,0.288675134594813,NA
"linear",1.00015968172043,0.534781116632392,0.000271838680110849,-7.45196158956479e-05,0.000241364992007523,0.000409651244406211,0.288619227694485,0.2884972432879,0.288481674743351,0.288723361918028,-0.000322507202354383,9.76150348268518e-05,-0.000566979439762865,0.000178563138929252,0.289005180611684,0.288705664536536,0.288701608925628,0.288781473114425,3.16821865393462e-05
"stepwise",1.00027833908537,0.534669978563927,0.000199205395016503,0.000231462093536289,9.15658018366446e-05,0.000455543509202405,0.288613166239845,0.288497237480622,0.288484381182156,0.288738083862002,-6.49694941548065e-05,-0.000111824641296741,-0.00033878828608632,0.00041404332333075,0.289043989368995,0.288729358754447,0.288733019846631,0.288819088632592,-3.06675872610299e-05
"stepwise_X",1.0001816338442,0.534711484323577,0.000280632267596333,-0.000127306050171994,0.00010533269809423,0.000210445681811595,0.0501165030927862,0.0503038591579747,0.0462657411230075,0.0492686998588491,-0.000393983147583884,0.00011866111096712,-0.000529529542737658,0.000417053229054261,0.289213120177791,0.289009687147108,0.288783739924953,0.288630140692306,-0.000196118029281006
"two_step_LASSO",1.00019847781061,0.53474085123017,0.000299475205359863,0.00014328140467671,0.000180491243400615,0.000351349924866145,0.288621986456196,0.288498426102298,0.288480048314861,0.288723885251841,-0.000203531076871775,7.77562525760894e-05,-0.000424382615339044,0.000121192369194767,0.289015834143667,0.288715451995759,0.288711338520715,0.288790902567399,-7.45834245894562e-05
"two_step_LASSO_X",1.00026723735439,0.534720389902302,0.000217808025423817,-0.000152075417760015,7.17663602755058e-05,0.000451303093236344,0.148626409403554,0.14830729738455,0.140508199689707,0.14993890556094,-0.000399548026442928,0.000208193164187408,-0.000473387699446053,0.0002151209561683,0.289206932314401,0.288868924778192,0.288792237487572,0.288711611646123,-0.000207412328463023
