"","intercept","X","Z1","Z2","Z3","Z4","Z5","Z6","Z7","Z8","Z9","Z10","Z11","Z12","Z13","Z14","Z15","Z16","Z17"
"true_values",1,0.534846922834953,0,0,0,0,0.288675134594813,0.288675134594813,0.288675134594813,0.288675134594813,0,0,0,0,0.288675134594813,0.288675134594813,0.288675134594813,0.288675134594813,NA
"linear",1.00416336564984,0.533221580690536,-0.0030285283987706,0.00133647881772546,0.00404562612800371,-0.00231402005494633,0.283539235520266,0.282887103082745,0.292216770586321,0.289096029842705,0.00415096950404975,-0.00149201975193106,-0.0062098860046005,-0.00216647283626149,0.290286055612773,0.285916286113688,0.293429408689797,0.292898614586262,-0.00537796979956581
"stepwise",1.00487263680949,0.532499729748794,0,-0.000526408403813222,0.00196504038400835,-0.00202675730955347,0.283432470475687,0.282843480574914,0.292249268758769,0.289085310535214,0.000222169929991027,0.000175711872360835,-0.00126942743215205,-0.00163898045215804,0.290555451151238,0.286206336283699,0.293690728604229,0.29301772098301,-0.00169009685605828
"stepwise_X",1.00475263314092,0.531951596742255,0,0.000142737320728754,-0.000311437857968652,0.000137065321721079,0.11273475826251,0,0.0881464012698219,0.0591046310739144,0.00463093243070265,0.00119597232641909,-0.00674799612921583,-0.000528386430991788,0.290026338363212,0.286717291683517,0.293705930875169,0.292767310920642,0
"two_step_LASSO",1.00415652287023,0.533191620154668,-0.00203479890157041,0.00104323973262692,0.00377176306205559,-0.00374770082200507,0.283516785044594,0.282845180456199,0.292222832894209,0.289127144940261,0.00340661090952646,-0.00151978798271578,-0.00658355745852802,-0.000865956450149966,0.290232226095569,0.285957173169893,0.293456554381298,0.292908483905621,-0.00397845216764442
"two_step_LASSO_X",1.00532561665807,0.532224996340402,-0.000333908622309594,0.00173519574607061,0.000713498364783719,-0.000206656108161554,0.196462697143459,0.0859978360834288,0.20574690201395,0.174190716247882,0.00372052780414952,0.000660670757560424,-0.00673532871609491,-0.00281380644948198,0.290609546401337,0.287385085694674,0.293005258144429,0.291504385123866,-0.000732614304504815
