"cause","intercept","y","X","Z1","Z2","Z3"
1,1,NA,0.0790974491406077,0.866025403784439,0.866025403784439,NA
1,1,NA,NA,0.866025403784439,0.866025403784439,NA
0,NA,NA,NA,NA,NA,NA
0,NA,NA,NA,NA,NA,NA
0,NA,NA,NA,NA,NA,NA
