"cause","intercept","y","X","Z1","Z2","Z3"
1,1,NA,0.183135833249878,0.750555349946514,0.750555349946514,NA
1,1,NA,NA,0.577350269189626,0.577350269189626,NA
0,NA,NA,NA,NA,NA,NA
0,NA,NA,NA,NA,NA,NA
0,NA,NA,NA,NA,NA,NA
