"","intercept","X","Z1","Z2","Z3"
"true_values",1,0.183135833249878,0.750555349946514,0.750555349946514,NA
"linear",1.00133464812917,0.184700959935181,0.7464348317004,0.749300132955263,-0.000319157775144862
"stepwise",1.00120178677041,0.184745114020382,0.746470420352592,0.749285946018906,NA
"two_step_LASSO",1.00126917758951,0.184737222893886,0.746475055833121,0.749264905258681,NA
"two_step_least_angle",1.00126917758951,0.184737222893886,0.746475055833121,0.749264905258681,NA
"two_step_inf_fwd_stage",1.00126917758951,0.184737222893886,0.746475055833121,0.749264905258681,NA
