"","intercept","X","Z1","Z2","Z3"
"true_values",1,0.230769230769231,0.384615384615385,0.384615384615385,NA
"linear",1.01096523098486,0.218659374402332,0.39214464083199,0.389894846153471,-0.000472106949084445
"stepwise",1.01182139775064,0.217826166557153,0.392424771590924,0.390321736109036,NA
"two_step_LASSO",1.0126060112214,0.217191970676875,0.392720813722724,0.390646619737349,NA
"two_step_least_angle",1.0126060112214,0.217191970676875,0.392720813722724,0.390646619737349,NA
"two_step_inf_fwd_stage",1.0126060112214,0.217191970676875,0.392720813722724,0.390646619737349,NA
