"","intercept","X","Z1","Z2","Z3"
"true_values",1,0.285714285714286,0.357142857142857,0.357142857142857,0.357142857142857
"linear",1.01116154103852,0.273393150991029,0.363016040755173,0.363256021970821,0.358649583269128
"stepwise",1.01116154103852,0.273393150991029,0.363016040755173,0.363256021970821,0.358649583269128
"two_step_LASSO",1.01116154103852,0.273393150991029,0.363016040755173,0.363256021970821,0.358649583269128
"two_step_least_angle",1.01116154103852,0.273393150991029,0.363016040755173,0.363256021970821,0.358649583269128
"two_step_inf_fwd_stage",1.01116154103852,0.273393150991029,0.363016040755173,0.363256021970821,0.358649583269128
