"","intercept","X","Z1","Z2","Z3"
"true_values",1,0.333333333333333,0.333333333333333,0.333333333333333,NA
"linear",0.992874088181872,0.341205582184033,0.329628073221207,0.328904686328359,0.000720755139224376
"stepwise",0.992932702179997,0.341137177828684,0.329753860462654,0.328866908058319,NA
"two_step_LASSO",0.99279740613283,0.341287256463618,0.329621644134379,0.328778452002336,NA
"two_step_least_angle",0.99279740613283,0.341287256463618,0.329621644134379,0.328778452002336,NA
"two_step_inf_fwd_stage",0.99279740613283,0.341287256463618,0.329621644134379,0.328778452002336,NA
