"","intercept","X","Z1","Z2","Z3"
"true_values",1,-500,0.866025403784439,0.866025403784439,NA
"linear",1.00513346902268,-500.010246092009,0.879167219715655,0.872772889360285,-0.00425252939232476
"stepwise",1.00394911270245,-500.008583785663,0.877700698806082,0.871328256386573,NA
"two_step_LASSO",1.00597793437779,-500.010974794752,0.879614071303216,0.873580981635723,NA
"two_step_least_angle",1.00597793437779,-500.010974794752,0.879614071303216,0.873580981635723,NA
"two_step_inf_fwd_stage",1.00597793437779,-500.010974794752,0.879614071303216,0.873580981635723,NA
