"","intercept","X","Z1","Z2","Z3"
"true_values",1,0.230769230769231,0.384615384615385,0.384615384615385,NA
"linear",1.01642009191998,0.215563081110271,0.393578304706297,0.392601588282253,0.000897606867894678
"stepwise",1.01712316801024,0.214843098921319,0.393913152871337,0.392970403244763,NA
"two_step_LASSO",1.01701106650064,0.214921480724314,0.393841540192364,0.392889296446688,NA
"two_step_least_angle",1.01701106650064,0.214921480724314,0.393841540192364,0.392889296446688,NA
"two_step_inf_fwd_stage",1.01701106650064,0.214921480724314,0.393841540192364,0.392889296446688,NA
