"","intercept","X","Z1","Z2","Z3"
"true_values",1,0.5,0.707106781186548,0.707106781186548,NA
"linear",0.976817074091538,0.522354965864383,0.693528087799464,0.687103585980428,0.00105223633960858
"stepwise",0.977379544680741,0.521800720706944,0.693629924550694,0.687750635685942,NA
"two_step_LASSO",0.978311734183086,0.520976796520085,0.694361083019944,0.688260469965896,NA
"two_step_least_angle",0.978311734183086,0.520976796520085,0.694361083019944,0.688260469965896,NA
"two_step_inf_fwd_stage",0.978311734183086,0.520976796520085,0.694361083019944,0.688260469965896,NA
