"","intercept","X","Z1","Z2","Z3"
"true_values",1,1,1,1,NA
"linear",0.999532596541821,0.998776762469085,1.0018460024182,1.00042991757584,0.00343594706633033
"stepwise",1.00172922145579,0.996466826541678,1.00406221516399,1.00286918555597,NA
"LASSO",1.93088688381037,1.01021593672736,0.990265186187821,0.988750624549216,0.00326123604551153
"least_angle",1.93088688381037,1.01021593672736,0.990265186187821,0.988750624549216,0.00326123604551153
"inf_fwd_stage",1.93088688381037,1.00915266415595,0.991378077671732,0.989965301714117,0.00350501771127933
