"","intercept","X","Z1","Z2","Z3"
"true_values",1,0.412403840463596,0.577350269189626,0.577350269189626,NA
"linear",1.00133464812917,0.413968967148899,0.573229750943513,0.576095052198375,-0.000319157775144857
"stepwise",1.00120178677041,0.4140131212341,0.573265339595704,0.576080865262018,NA
"two_step_LASSO",1.00126917758951,0.414005230107604,0.573269975076233,0.576059824501793,NA
"two_step_least_angle",1.00126917758951,0.414005230107604,0.573269975076233,0.576059824501793,NA
"two_step_inf_fwd_stage",1.00126917758951,0.414005230107604,0.573269975076233,0.576059824501793,NA
