"","intercept","X","Z1","Z2","Z3"
"true_values",1,1,1,1,NA
"linear",0.995741917326331,1.00394542474531,0.995953739859709,0.995086497393721,0.000159269984966941
"stepwise",0.99545283031767,1.00419662321206,0.995732851853644,0.994825974137523,NA
"two_step_LASSO",0.995691978047108,1.00393479015374,0.996009394504031,0.995113606419769,NA
"two_step_least_angle",0.995691978047108,1.00393479015374,0.996009394504031,0.995113606419769,NA
"two_step_inf_fwd_stage",0.995691978047108,1.00393479015374,0.996009394504031,0.995113606419769,NA
