"","intercept","X","Z1","Z2","Z3"
"true_values",1,0.0790974491406077,0.866025403784439,0.866025403784439,NA
"linear",0.991378066410057,0.0855273157242723,0.867852346317051,0.865026099479184,-0.0029329132150117
"stepwise",0.992353435532176,0.0855371845608027,0.867722336977314,0.864980301603754,NA
"two_step_LASSO",0.993288286317616,0.0851289760243297,0.867481759482207,0.864735912012735,NA
"two_step_least_angle",0.99314708845295,0.0852745275472732,0.8674089121352,0.864601948981453,NA
"two_step_inf_fwd_stage",0.992978038644782,0.0854013475009232,0.86726919977669,0.864658213348795,NA
