"","intercept","X","Z1","Z2","Z3"
"true_values",1,0.0814992983020771,0.707106781186548,0.707106781186548,NA
"linear",1.01982131256277,0.0715050102704803,0.70102383721273,0.71771322755753,-0.0150746501883494
"stepwise",1.02001642021595,0.0713255126418243,0.699842584057345,0.718028037175271,NA
"two_step_LASSO",1.01918910751807,0.0710971380325643,0.700571098737728,0.718079224136516,NA
"two_step_least_angle",1.01918910751807,0.0710971380325643,0.700571098737728,0.718079224136516,NA
"two_step_inf_fwd_stage",1.01918910751807,0.0710971380325643,0.700571098737728,0.718079224136516,NA
