"","mse","r_squared","causal_effect_bias","avg_abs_param_bias","coverage","open_paths","blocked_paths","benchmark"
"linear",0.010327707942537,0.994919940500551,0.0223549658643826,0.0708079779499503,0.9,2,2,388830.5
"stepwise",0.0103657718271511,0.994933265229969,0.0218007207069441,0.0721682143942857,0.8,2,2,5016548.5
"two_step_LASSO",0.0103598637418686,0.994933565427323,0.0209767965200845,0.0690972668219734,0.9,2,2,418388.55
"two_step_least_angle",0.0103598637418686,0.994933565427323,0.0209767965200845,0.0690972668219734,0.9,2,2,400949.8
"two_step_inf_fwd_stage",0.0103598637418686,0.994933565427323,0.0209767965200845,0.0690972668219734,0.9,2,2,448030.55
