"","mse","r_squared","causal_effect_bias","avg_abs_param_bias","coverage","open_paths","blocked_paths","benchmark"
"linear",0.954211547695792,0.497182072518243,-0.0099942880315968,0.10002912364791,0.97,2,2,426320.3
"stepwise",0.957993398920035,0.498862450538328,-0.0101737856602529,0.0903234474561683,0.97,2,2,2050305
"two_step_LASSO",0.95938506486145,0.499588605812564,-0.0104021602695128,0.0892036736182674,0.96,2,2,390223.85
"two_step_least_angle",0.95938506486145,0.499588605812564,-0.0104021602695128,0.0892036736182674,0.96,2,2,399121.75
"two_step_inf_fwd_stage",0.95938506486145,0.499588605812564,-0.0104021602695128,0.0892036736182674,0.96,2,2,410976.15
