"","mse","r_squared","param_bias","causal_effect_bias","coverage","open_paths","blocked_paths","z_inclusion","benchmark"
"linear",0.00946475721424862,0.998591275133752,-0.00911315068996348,0.00394542474530775,0.98,2,2,1,366698.4
"stepwise",0.00949080422134206,0.998595341468594,-0.0098070899047806,0.00419662321206147,0.98,2,2,1,4438313.7
"two_step_LASSO",0.00950787517372093,0.998598742621135,-0.00782703986041563,0.00393479015374443,0.98,2,2,1,410791.9
"two_step_least_angle",0.00950787517372093,0.998598742621135,-0.00782703986041563,0.00393479015374443,0.98,2,2,1,909353.25
"two_step_inf_fwd_stage",0.00950787517372093,0.998598742621135,-0.00782703986041563,0.00393479015374443,0.98,2,2,1,455426.5
