"","mse","r_squared","causal_effect_bias","avg_abs_param_bias","coverage","open_paths","blocked_paths","benchmark"
"linear",0.00966512292688872,0.978080926952109,-0.0152061496589597,0.0395393962308583,0.97,2,2,384554.6
"stepwise",0.00969599703400496,0.978160211912787,-0.015926131847912,0.0388291892046941,0.97,2,2,14053722.1
"two_step_LASSO",0.00971216412397095,0.978184288367074,-0.0158477500449172,0.0383339503145793,0.97,2,2,400305.9
"two_step_least_angle",0.00971216412397095,0.978184288367074,-0.0158477500449172,0.0383339503145793,0.97,2,2,398633.95
"two_step_inf_fwd_stage",0.00971216412397095,0.978184288367074,-0.0158477500449172,0.0383339503145793,0.97,2,2,563488.85
