"","mse","r_squared_X","r_squared_Y","causal_effect_bias","avg_abs_param_bias","coverage","open_paths","blocked_paths"
"linear",1.00586629130917,0.400579365567697,0.600666282935616,0.00156512668530349,0.0121022203417305,1,2,2
"stepwise",1.00598426750339,0.400579365567697,0.600753817522716,0.00160928077050449,0.0102602332944948,1,2,2
"two_step_LASSO",1.00594834659121,0.400579365567697,0.600715563224922,0.00160138964400846,0.0107775832379695,1,2,2
"two_step_least_angle",1.00594834659121,0.400579365567697,0.600715563224922,0.00160138964400846,0.0107775832379695,1,2,2
"two_step_inf_fwd_stage",1.00594834659121,0.400579365567697,0.600715563224922,0.00160138964400846,0.0107775832379695,1,2,2
