"","mse","r_squared_X","r_squared_Y","causal_effect_bias","avg_abs_param_bias","coverage","open_paths","blocked_paths"
"linear",1.00586629130917,0.400579365567697,0.572035948406516,0.00156512668530434,0.01210222034173,1,2,2
"stepwise",1.00598426750339,0.400579365567697,0.572129802950666,0.00160928077050534,0.0102602332944944,1,2,2
"two_step_LASSO",1.00594834659121,0.400579365567697,0.57208882151249,0.00160138964400931,0.010777583237969,1,2,2
"two_step_least_angle",1.00594834659121,0.400579365567697,0.57208882151249,0.00160138964400931,0.010777583237969,1,2,2
"two_step_inf_fwd_stage",1.00594834659121,0.400579365567697,0.57208882151249,0.00160138964400931,0.010777583237969,1,2,2
