"","mse","r_squared","causal_effect_bias","avg_abs_param_bias","coverage","open_paths","blocked_paths","benchmark"
"linear",0.00946759461101378,0.999999970439296,-0.010246092008839,0.11441329190175,0.9,2,2,401708.3
"stepwise",0.00954776612949433,0.999999970927964,-0.00858378566288707,0.116464461749652,0.9,2,2,5854907.7
"two_step_LASSO",0.00958736425842613,0.99999997081303,-0.0109747947516553,0.115420594731382,0.9,2,2,421578.2
"two_step_least_angle",0.00958736425842613,0.99999997081303,-0.0109747947516553,0.115420594731382,0.9,2,2,389307.1
"two_step_inf_fwd_stage",0.00958736425842613,0.99999997081303,-0.0109747947516553,0.115420594731382,0.9,2,2,440704
