"","mse","r_squared","param_bias","causal_effect_bias","coverage","open_paths","blocked_paths","z_inclusion","benchmark"
"linear",0.00966136771947831,0.983132120510452,0.0123334808818143,-0.0123211347232563,0.97,2,2,1,931936.8
"stepwise",0.00966136771947831,0.983132120510452,0.0123334808818143,-0.0123211347232563,0.97,2,2,1,5137977.9
"two_step_LASSO",0.00966136771947831,0.983132120510452,0.0123334808818143,-0.0123211347232563,0.97,2,2,1,899119
"two_step_least_angle",0.00966136771947831,0.983132120510452,0.0123334808818143,-0.0123211347232563,0.97,2,2,1,892966.6
"two_step_inf_fwd_stage",0.00966136771947831,0.983132120510452,0.0123334808818143,-0.0123211347232563,0.97,2,2,1,979134.9
