"","mse","r_squared","causal_effect_bias","avg_abs_param_bias","coverage","open_paths","blocked_paths","benchmark"
"linear",0.962941086572487,0.609139249200404,0.00642986658366464,0.101131084309255,0.98,2,2,829450.3
"stepwise",0.96666962960315,0.610803141458473,0.006439735420195,0.0913037091013762,0.98,2,2,4713574.3
"two_step_LASSO",0.968052481447605,0.61114363419496,0.00603152688372205,0.0902856986593692,0.98,2,2,913920.05
"two_step_least_angle",0.968110913784399,0.611202145201594,0.00617707840666556,0.0899908201756336,0.98,2,2,983631.2
"two_step_inf_fwd_stage",0.967790057667327,0.610975800278737,0.00630389836031554,0.0911857249197779,0.98,2,2,951497.95
