"","mse","r_squared_X","r_squared_Y","causal_effect_bias","avg_abs_param_bias","coverage","open_paths","blocked_paths","benchmark"
"linear",1.00290457630855,NA,0.728571540275574,0.00845557383638672,0.0135985447098176,0.8,2,2,1711296.9
"stepwise",1.00305044629879,NA,0.728625646843297,0.00848921026531041,0.0117210950868634,0.8,2,2,24865026.8
"two_step_LASSO",1.0029882258644,NA,0.72858667691735,0.00850115057126024,0.012622762518526,0.8,2,2,1702125.55
"two_step_least_angle",1.0029882258644,NA,0.72858667691735,0.00850115057126024,0.012622762518526,0.8,2,2,1786411.95
"two_step_inf_fwd_stage",1.0029882258644,NA,0.72858667691735,0.00850115057126024,0.012622762518526,0.8,2,2,1680303.4
