"","mse","r_squared","param_bias","causal_effect_bias","coverage","open_paths","blocked_paths","z_inclusion","benchmark"
"linear",0.00926490813480157,0.998520402018766,0.00402122607127381,-0.00122323753091477,1,2,2,1,862420.1
"stepwise",0.00928790279980915,0.998529793641764,0.00749308614719126,-0.00353317345832165,1,2,2,1,4688598.1
"LASSO",0.0101333718652722,0.998524257538088,0.923379867320278,0.0102159367273578,NA,2,2,1,690644.5
"least_angle",0.0101333718652722,0.998524257538088,0.923379867320278,0.0102159367273578,NA,2,2,1,660242.2
"inf_fwd_stage",0.0101814956857085,0.998518636792361,0.92488794506345,0.00915266415594933,NA,2,2,1,461185.69
