"","mse","r_squared","param_bias","causal_effect_bias","coverage","open_paths","blocked_paths","z_inclusion","benchmark"
"linear",0.00965971177051753,0.978271653653061,-0.00666681494530442,0.00787224885070007,0.94,2,2,1,415273.1
"stepwise",0.0096897519591577,0.978323202610019,-0.00676165958181802,0.00780384449535021,0.94,2,2,1,4606622.6
"two_step_LASSO",0.00969880547802867,0.97839102998877,-0.00573978598069913,0.00795392313028503,0.94,2,2,1,423686.5
"two_step_least_angle",0.00969880547802867,0.97839102998877,-0.00573978598069913,0.00795392313028503,0.94,2,2,1,403990.35
"two_step_inf_fwd_stage",0.00969880547802867,0.97839102998877,-0.00573978598069913,0.00795392313028503,0.94,2,2,1,508840.25
