"","mse","r_squared_X","r_squared_Y","causal_effect_bias","avg_abs_param_bias","coverage","open_paths","blocked_paths"
"linear",1.00586629130917,0.400579365567697,0.600394359275973,0.00156512668530365,0.0121022203417301,1,2,2
"stepwise",1.00598426750339,0.400579365567697,0.600481985758534,0.00160928077050463,0.0102602332944944,1,2,2
"two_step_LASSO",1.00594834659121,0.400579365567697,0.600443693550552,0.0016013896440086,0.010777583237969,1,2,2
"two_step_least_angle",1.00594834659121,0.400579365567697,0.600443693550552,0.0016013896440086,0.010777583237969,1,2,2
"two_step_inf_fwd_stage",1.00594834659121,0.400579365567697,0.600443693550552,0.0016013896440086,0.010777583237969,1,2,2
