"","mse","r_squared","param_bias","causal_effect_bias","coverage","open_paths","blocked_paths","z_inclusion","benchmark"
"linear",0.00844376062958651,0.999852291748782,0.0924173421021739,-0.00452104670960043,0.9,20,20,1,1684670.4
"stepwise",0.00846446717447806,0.999850722212627,0.0961336493368373,-0.00455703097144087,0.9,20,20,1,7634189.6
"LASSO",0.0110804871661428,0.999852291748782,1.49228369867989,-0.00452104670981339,NA,20,20,1,2807343.4
"least_angle",0.0110804871661428,0.999852291748782,1.49228369868019,-0.00452104670982895,NA,20,20,1,1714333.8
"inf_fwd_stage",0.0111265205901096,0.999851845417244,1.38409879995828,0.0011563821768535,NA,20,20,1,2386593.715
