"","mse","r_squared_X","r_squared_Y","causal_effect_bias","avg_abs_param_bias","coverage","open_paths","blocked_paths"
"linear",1.0005222310382,0.39912989674535,0.572180257408718,-0.00151590261792485,0.0125088139734314,0.9,20,20
"stepwise",1.00061847949069,0.39912989674535,0.572226552836852,-0.00149882236448454,0.0121992631651245,0.9,20,20
"two_step_LASSO",1.00072414217133,0.39912989674535,0.572253432713244,-0.00152541556699228,0.0120680535771293,0.9,20,20
"two_step_least_angle",1.00072414217133,0.39912989674535,0.572253432713244,-0.00152541556699228,0.0120680535771293,0.9,20,20
"two_step_inf_fwd_stage",1.00072414217133,0.39912989674535,0.572253432713244,-0.00152541556699228,0.0120680535771293,0.9,20,20
