"","mse","r_squared","avg_abs_param_bias","causal_effect_bias","coverage","open_paths","blocked_paths","z_inclusion","benchmark"
"linear",0.00862171247518517,0.79991020367622,0.0131516715483187,0.0283262708753496,0.95,20,20,1,1015066
"stepwise",0.00872233421252002,0.795196959289199,0.0156438493586306,0.0472227521555343,0.9,20,19.05,0.9,53037114.7
"two_step_LASSO",0.00874472004236177,0.796738162826996,0.0157202794569603,0.0480446494191615,0.9,20,19,0.9,1191262.3
"two_step_least_angle",0.00873781795460141,0.797921359887452,0.0153322193716988,0.0449087944258532,0.9,20,19.1,0.9,1097707.4
"two_step_inf_fwd_stage",0.00872681803788163,0.797637536668442,0.0152070535036967,0.0440632418050752,0.9,20,19.15,0.9,1276384.75
