"","mse","r_squared","causal_effect_bias","avg_abs_param_bias","coverage","open_paths","blocked_paths","benchmark"
"linear",0.76807640071653,0.456164765104806,-0.0184749256040673,0.0935907131532576,0.94,20,20,1042000.1
"stepwise",0.812790680170991,0.401655897549761,0.0689956232294982,0.116975695076141,0.71,20,14.26,85179369.5
"two_step_LASSO",0.787276327039721,0.446205251564827,0.0128833387363793,0.0997889622560897,0.84,20,17.45,1188401.5
"two_step_least_angle",0.787390069632202,0.445832310825951,0.0131891621787084,0.099798020609261,0.84,20,17.45,1132911.7
"two_step_inf_fwd_stage",0.789963781961469,0.443599196784455,0.0187505431205322,0.101191365185493,0.84,20,17.22,1216565.05
