"","mse","r_squared","causal_effect_bias","avg_abs_param_bias","coverage","open_paths","blocked_paths","benchmark"
"linear",0.00752003156138167,0.781380464122296,0.00305917330689485,0.0161417678785862,0.98,20,20,1158555.1
"stepwise",0.00780249620947624,0.767296085024986,0.0781679410012181,0.023178105869644,0.7,20,17.09,140451291.7
"two_step_LASSO",0.00803354564679491,0.770499762787578,0.0908694201790659,0.0259107994320458,0.7,20,16.28,1328680.25
"two_step_least_angle",0.00811856233394846,0.772331291198644,0.0952021917279823,0.0270580643130677,0.73,20,15.96,1211602.4
"two_step_inf_fwd_stage",0.00824451339368292,0.768305824546123,0.119651078719144,0.0298946155379022,0.65,20,15.18,1428247.3
