"","mse","r_squared","param_bias","causal_effect_bias","coverage","open_paths","blocked_paths","z_inclusion","benchmark"
"linear",0.00856506196544293,0.788788020883889,-0.0126868476237382,0.00877291393727355,0.97,20,20,1,1050110.3
"stepwise",0.0085893098494367,0.789420141420377,-0.0135661486713327,0.0089409381756342,0.97,20,20,1,14215453.7
"two_step_LASSO",0.00860701508083474,0.789695573517936,-0.012515929247379,0.00936232551884158,0.97,20,20,1,1317955.8
"two_step_least_angle",0.00860701508083474,0.789695573517936,-0.012515929247379,0.00936232551884158,0.97,20,20,1,1191613.6
"two_step_inf_fwd_stage",0.00860701508083474,0.789695573517936,-0.012515929247379,0.00936232551884158,0.97,20,20,1,1382269.45
