"","mse","r_squared","param_bias","causal_effect_bias","coverage","open_paths","blocked_paths","z_inclusion","benchmark"
"linear",0.00841742149660916,0.999843109486019,0.00117571350471572,-5.51643389760648e-05,0.92,20,20,1,1032938.1
"stepwise",0.00844104209619233,0.999843549591412,-0.00508587275839847,0.000251187765667917,0.93,20,20,1,13438329.9
"two_step_LASSO",0.00845632447756059,0.999844005009699,-0.00652574489511704,0.00039185048342855,0.92,20,20,1,1341848.3
"two_step_least_angle",0.00845632447756059,0.999844005009699,-0.00652574489511704,0.00039185048342855,0.92,20,20,1,1149080.7
"two_step_inf_fwd_stage",0.00845632447756059,0.999844005009699,-0.00652574489511704,0.00039185048342855,0.92,20,20,1,1513214.7
