"","mse","r_squared","causal_effect_bias","avg_abs_param_bias","coverage","open_paths","blocked_paths","benchmark"
"linear",0.777921566039377,0.571413832644481,0.0228860403443421,0.0997484498802867,0.94,20,20,2293059.1
"stepwise",0.819644925129569,0.521871724384547,0.108896127554971,0.127244627189816,0.71,20,15.13,56387184.8
"two_step_LASSO",0.806528298937251,0.55382265341819,0.0683273797130652,0.115099280891985,0.77,20,17.07,2382993.15
"two_step_least_angle",0.806337918775331,0.554444810274603,0.0668471935241836,0.114830696264531,0.77,20,17.12,2064809.7
"two_step_inf_fwd_stage",0.803919358838351,0.554831976307309,0.064110182585413,0.113677043944664,0.78,20,17.29,2357285.9
