"","mse","r_squared","causal_effect_bias","avg_abs_param_bias","coverage","open_paths","blocked_paths","benchmark"
"linear",0.00835369839467198,0.796151934599331,0.0131603225384859,0.0137457754793797,0.92,20,20,986379.5
"stepwise",0.00839481101340614,0.793784728745209,0.0223063220155238,0.0145781656864481,0.9,20,19.71,5814351.8
"two_step_LASSO",0.00841256958054614,0.794512300776294,0.0190500602409273,0.0142254762335294,0.92,20,19.76,1084599.2
"two_step_least_angle",0.00841024255728656,0.794662523404333,0.0183379555976218,0.014150433079987,0.92,20,19.78,1094642.55
"two_step_inf_fwd_stage",0.00840886436456921,0.794786242763286,0.0186549072575972,0.0141683130640161,0.92,20,19.78,1165817.5
