"","intercept","X","Z1","Z2","Z3","Z4"
"true_values",1,0.5,0.577350269189626,0.577350269189626,0.577350269189626,NA
"linear",0.955155142976736,0.545509110875103,0.546880085909273,0.547383566677046,0.547963041549368,9.21982420035447e-06
"stepwise",0.958814244262039,0.542113431188962,0.548988427598682,0.549425279582058,0.549943401355442,NA
"two_step_LASSO",0.960847908626129,0.539941523287017,0.550184154013298,0.550911175320196,0.551043485369542,NA
"two_step_least_angle",0.960847908626129,0.539941523287017,0.550184154013298,0.550911175320196,0.551043485369542,NA
"two_step_inf_fwd_stage",0.960847908626129,0.539941523287017,0.550184154013298,0.550911175320196,0.551043485369542,NA
