"","intercept","X","Z1","Z2","Z3","Z4"
"true_values",1,0.572602362037587,0.353553390593274,0.353553390593274,0.353553390593274,NA
"linear",1.00877340547768,0.565345169410356,0.354968412478783,0.360134484299835,0.355318635390852,-0.00542672278722044
"stepwise",1.00882090824713,0.565298938712388,0.355133470927389,0.360058956777907,0.355381279663127,NA
"two_step_LASSO",1.00882090824713,0.565298938712388,0.355133470927389,0.360058956777907,0.355381279663127,NA
"two_step_least_angle",1.00882090824713,0.565298938712388,0.355133470927389,0.360058956777907,0.355381279663127,NA
"two_step_inf_fwd_stage",1.00882090824713,0.565298938712388,0.355133470927389,0.360058956777907,0.355381279663127,NA
