"","intercept","X","Z1","Z2","Z3","Z4"
"true_values",1,0.00645344447165909,0.471404520791032,0.471404520791032,0.471404520791032,NA
"linear",0.947073632736915,0.0618228289609397,0.42034127827438,0.444393592935704,0.429375222161693,-0.00584630337909662
"stepwise",0.943993390030283,0.0633975342548596,0.416341501256165,0.444346160116509,0.426291585003825,NA
"two_step_LASSO",0.944192565704017,0.0640812539858339,0.416447803913764,0.441883222228234,0.429843658905431,NA
"two_step_least_angle",0.944192565704017,0.0640812539858339,0.416447803913764,0.441883222228234,0.429843658905431,NA
"two_step_inf_fwd_stage",0.944192565704017,0.0640812539858339,0.416447803913764,0.441883222228234,0.429843658905431,NA
