"","mse","r_squared","causal_effect_bias","avg_abs_param_bias","coverage","open_paths","blocked_paths","benchmark"
"linear",0.875353183328348,0.356280161849929,0.0553693844892806,0.100408960949144,0.9,3,3,429770.7
"stepwise",0.879635989634306,0.361806939356033,0.0569440897832005,0.0933193288739245,0.9,3,3,5180942.2
"two_step_LASSO",0.880424719813129,0.362134806771862,0.0576278095141748,0.0941040359413594,0.9,3,3,452042.35
"two_step_least_angle",0.880424719813129,0.362134806771862,0.0576278095141748,0.0941040359413594,0.9,3,3,444323.1
"two_step_inf_fwd_stage",0.880424719813129,0.362134806771862,0.0576278095141748,0.0941040359413594,0.9,3,3,443428.7
