"","mse","r_squared","causal_effect_bias","avg_abs_param_bias","coverage","open_paths","blocked_paths","benchmark"
"linear",0.00978962629482491,0.995482122881454,0.0455091108751033,0.0770141080972505,0.8,3,3,448429.3
"stepwise",0.00982215211212842,0.995522537551201,0.0421134311889625,0.0744923918045945,0.8,3,3,5001187.9
"two_step_LASSO",0.0098544065235417,0.995483537515508,0.0399415232870174,0.0750709791266751,0.8,3,3,443972.75
"two_step_least_angle",0.0098544065235417,0.995483537515508,0.0399415232870174,0.0750709791266751,0.8,3,3,422396.95
"two_step_inf_fwd_stage",0.0098544065235417,0.995483537515508,0.0399415232870174,0.0750709791266751,0.8,3,3,533242.65
