"","mse","r_squared","causal_effect_bias","avg_abs_param_bias","coverage","open_paths","blocked_paths","benchmark"
"linear",0.663510720735875,0.523702177571838,0.00638321268620005,0.103589733742288,0.96,30,30,2612519.7
"stepwise",0.727202539009658,0.456923091107943,0.122460166495427,0.131470608582044,0.6,30,19.88,190211357.7
"two_step_LASSO",0.71939466785604,0.507793660175686,0.0861476195942354,0.120919072316285,0.73,30,22.71,3101296.8
"two_step_least_angle",0.724565571566105,0.506344463493547,0.0956545500685726,0.122194471573903,0.71,30,22.48,2877590.7
"two_step_inf_fwd_stage",0.723524560640492,0.502306110480412,0.107778098094909,0.122630404467005,0.65,30,22.3,3255110.2
