"","mse","r_squared","causal_effect_bias","avg_abs_param_bias","coverage","open_paths","blocked_paths","benchmark"
"linear",0.00771072186047007,0.679323209961632,0.00849998840953532,0.0118590028789577,0.94,30,30,1328448.8
"stepwise",0.00801847162162415,0.653705535506401,0.0906314970235843,0.0172240214185313,0.67,30,25.06,89409511.3
"two_step_LASSO",0.00817176498602341,0.659304543254328,0.0927797059646179,0.0181764324385423,0.68,30,24.62,1667108.1
"two_step_least_angle",0.00824108739238686,0.659116253380457,0.0969079789208229,0.0187660949968217,0.71,30,24.27,1577166.25
"two_step_inf_fwd_stage",0.00828563945275053,0.657657229222343,0.10474082526812,0.0195054792487424,0.67,30,23.86,2070855.15
