"","mse","r_squared","causal_effect_bias","avg_abs_param_bias","coverage","open_paths","blocked_paths","benchmark"
"linear",0.687998994255333,0.392209704955338,-0.00253255626283499,0.100290514055423,0.96,30,30,2653235.3
"stepwise",0.763820108564742,0.315672093856823,0.113384262580379,0.127998198205898,0.67,30,16.86,110102114
"two_step_LASSO",0.780231948505733,0.378695214914187,0.100129296142896,0.117983637444461,0.67,30,18.72,1564521.65
"two_step_least_angle",0.781759777902656,0.379306910837828,0.101994523993536,0.118214091516028,0.67,30,18.62,1532815.3
"two_step_inf_fwd_stage",0.765771517091721,0.37710156459328,0.0929342529979966,0.11617001041113,0.67,30,19.48,1774487.4
