"","pred_mse","r_squared_X","r_squared_Y","causal_effect_est","causal_effect_mcse","causal_effect_bias","avg_abs_param_bias","coverage","open_paths","blocked_paths"
"linear",0.960786691436666,0.420789590654216,0.614599788593485,0.534025411138097,0.00288171380724764,-0.000821511696856647,0.026412007225501,0.97,8,8
"stepwise",0.96797762515269,0.420789590654216,0.611717185048475,0.533677574123006,0.00268534939686705,-0.00116934871194775,0.0182757489058461,0.97,8,8
"stepwise_X",1.2603403799005,0.420789590654216,0.494581591332307,0.536251733094292,0.00327728060413242,0.00140481025933836,0.0568043662569739,0.99,8,8
"two_step_LASSO",0.96182139237055,0.420789590654216,0.614185010222407,0.534442205821611,0.00283102072630148,-0.000404717013342766,0.0242138619277484,0.96,8,8
"two_step_LASSO_X",1.11385075946151,0.420789590654216,0.553314497850267,0.534944123142284,0.00288795903807717,9.72003073306954e-05,0.0420763939904477,0.99,8,8
