"","pred_mse","r_squared_X","r_squared_Y","model_SE","emp_SE","causal_effect_est","causal_effect_mcse","causal_effect_bias","avg_abs_param_bias","coverage","open_paths","blocked_paths"
"linear",0.995658372416693,0.401698935517957,0.601561486200666,0.0100121306097279,0.0103353364828415,0.534685342218278,0.000326955611497585,-0.000161580616675334,0.00810786746812862,0.945,8,8
"stepwise",0.996385181841341,0.401698935517957,0.601270691169392,0.00884601864438996,0.00964946801123189,0.534658645780613,0.000305237538001475,-0.000188277054340409,0.00558608927302902,0.928,8,8
"stepwise_X",1.27839307537539,0.401698935517957,0.488423846418184,0.011331109804015,0.011107863748162,0.534774097216765,0.000351429703231502,-7.2825618188542e-05,0.0448661130401985,0.95,8,8
"two_step_LASSO",0.995759806998767,0.401698935517957,0.601520902210377,0.00934454592503288,0.010144696218024,0.534866050970572,0.000320963413777024,1.91281356186643e-05,0.00742049743912511,0.929,8,8
"two_step_LASSO_X",1.14655609777169,0.401698935517957,0.54117589006418,0.0107335996374352,0.0104092581928081,0.534701138080748,0.000329302054006283,-0.000145784754205672,0.0278514685480923,0.958,8,8
