"","mse","r_squared_X","r_squared_Y","causal_effect_bias","avg_abs_param_bias","coverage","open_paths","blocked_paths"
"linear",0.952231094857888,0.464493565885455,0.626770549769408,0.0164499911876274,0.0379880360767004,1,32,32
"stepwise",0.966247829977529,0.464493565885455,0.621272453336559,0.046818080560769,0.0452600794188678,0.6,32,23.8
"stepwise_X",1.10126144292464,0.464493565885455,0.569220181158794,0.0411146282357173,0.0582264253235199,0.9,32,25.8
"two_step_LASSO",0.957195797460698,0.464493565885455,0.624809981548666,0.0175233634431435,0.0370630472936872,1,32,28.7
"two_step_LASSO_X",0.957195797460698,0.464493565885455,0.624809981548666,0.0175233634431435,0.0370630472936872,1,32,28.7
