"","intercept","X","Z_LL","Z_LH","Z_HL","Z_HH","Z_dummy"
"true_values",1,0.534846922834953,0,0.204124145231932,0,0.204124145231932,NA
"linear",1.00131603979501,0.535365524478668,0.000152010159129695,0.204616704326559,2.23103419397305e-05,0.204474825065418,0.0010452287638838
"stepwise",1.00104099615329,0.535638468436159,NA,0.204611264555009,NA,0.204420568672024,NA
"stepwise_X",1.00036511054392,0.535605229032185,NA,NA,0.000142780018053067,0.204315002000042,NA
"two_step_LASSO",1.0010254510187,0.535657409035898,NA,0.20461242503341,NA,0.204411923638311,NA
"two_step_LASSO_X",1.00111326341758,0.535331746517416,NA,NA,2.76535840192788e-05,0.204503705582508,NA
