"","pred_mse","r_squared_X","r_squared_Y","causal_effect_est","causal_effect_mcse","causal_effect_bias","avg_abs_param_bias","coverage","open_paths","blocked_paths"
"linear",0.99652033822971,0.402395320072659,0.602762758002429,0.535365524478668,0.00101030555080348,0.000518601643715106,0.00802832699347385,0.95,8,8
"stepwise",0.997208550439158,0.402395320072659,0.602488424522572,0.535638468436159,0.000976736087446932,0.000791545601205955,0.00559784630298519,0.93,8,8
"stepwise_X",1.27935207279579,0.402395320072659,0.490040975890975,0.535605229032185,0.00106284828655539,0.000758306197231728,0.0447349454372512,0.96,8,8
"two_step_LASSO",0.99661822206245,0.402395320072659,0.602723688769361,0.535657409035898,0.000972504158884056,0.000810486200944158,0.00733458420628995,0.95,8,8
"two_step_LASSO_X",1.14793225918101,0.402395320072659,0.542468134141122,0.535331746517416,0.00102229759323666,0.000484823682462343,0.0278433857723746,0.96,8,8
