"","X","Z_LL","Z_LH","Z_HL","Z_HH","Z_dummy"
"linear",0,0,0,0,0,0
"stepwise",0,0.0001345,0,9.42857142857145e-05,0,0
"stepwise_X",0,9.2125e-05,0.000177357142857143,0,0,0
"two_step_LASSO",0,0.000263124999999999,0,0.000197357142857142,0,0
"two_step_LASSO_X",0,0.000210285714285713,0.000118285714285714,0,0,0
