"cause","intercept","y","X","Z1","Z2","Z3","Z4","Z5"
1,1,NA,0.605535725226796,0.408248290463863,0.490653381462658,0.136082763487954,0.136082763487954,NA
1,1,NA,NA,0.408248290463863,0.136082763487954,0.490653381462658,0.490653381462658,NA
0,NA,NA,NA,NA,NA,NA,NA,NA
0,NA,NA,NA,NA,NA,NA,NA,NA
0,NA,NA,NA,NA,NA,NA,NA,NA
0,NA,NA,NA,NA,NA,NA,NA,NA
0,NA,NA,NA,NA,NA,NA,NA,NA
