"cause","intercept","y","X","Z1","Z2","Z3","Z4","Z5"
1,1,NA,0.533818875234406,0.00204124145231932,0.577346660739167,0.00204124145231932,0.577346660739167,NA
1,1,NA,NA,0.00204124145231932,0.00204124145231932,0.577346660739167,0.577346660739167,NA
0,NA,NA,NA,NA,NA,NA,NA,NA
0,NA,NA,NA,NA,NA,NA,NA,NA
0,NA,NA,NA,NA,NA,NA,NA,NA
0,NA,NA,NA,NA,NA,NA,NA,NA
0,NA,NA,NA,NA,NA,NA,NA,NA
