"cause","intercept","y","X","Z1","Z2","Z3","Z4","Z5"
1,1,NA,0.264580418759451,0.35863072930244,0.435430821141545,0.538887743412299,0.592776517753529,NA
1,1,NA,NA,0.298858941085366,0.362859017617954,0.449073119510249,0.493980431461274,NA
0,NA,NA,NA,NA,NA,NA,NA,NA
0,NA,NA,NA,NA,NA,NA,NA,NA
0,NA,NA,NA,NA,NA,NA,NA,NA
0,NA,NA,NA,NA,NA,NA,NA,NA
0,NA,NA,NA,NA,NA,NA,NA,NA
