"cause","intercept","y","X","Z1","Z2","Z3","Z4","Z5"
1,1,NA,0.183135833249878,0.530722777603022,0.530722777603022,0.530722777603022,0.530722777603022,NA
1,1,NA,NA,0.408248290463863,0.408248290463863,0.408248290463863,0.408248290463863,NA
0,NA,NA,NA,NA,NA,NA,NA,NA
0,NA,NA,NA,NA,NA,NA,NA,NA
0,NA,NA,NA,NA,NA,NA,NA,NA
0,NA,NA,NA,NA,NA,NA,NA,NA
0,NA,NA,NA,NA,NA,NA,NA,NA
