"","intercept","X","Z1","Z2","Z3","Z4","Z5"
"true_values",1,0.534846922834953,0,0.577350269189626,0,0.577350269189626,NA
"linear",0.994507432031712,0.538835628872444,-0.00477871357132255,0.574414918536857,0.000927735727929351,0.577057285547245,0.00655606713425567
"stepwise",0.995567038395646,0.537902662534034,NA,0.57433339689679,NA,0.577573906592386,NA
"stepwise_X",0.993989439545679,0.537713143256963,NA,NA,0.00476476842629736,0.576856080845525,NA
"two_step_LASSO",0.997153021768096,0.536260038925812,NA,0.574356203070943,NA,0.578509917592636,NA
"two_step_LASSO_X",0.992569957617293,0.538181530688887,NA,NA,0.00506953926916014,0.576487015366386,NA
