"","intercept","X","Z1","Z2","Z3","Z4","Z5"
"true_values",1,0.533818875234406,0.00204124145231932,0.577346660739167,0.00204124145231932,0.577346660739167,NA
"linear",0.999459198373589,0.535338206637448,0.00130612873854346,0.575623989504626,0.00324600872787254,0.576551983269181,0.000131314890658124
"stepwise",0.998772783925331,0.536096457331446,NA,0.575670506589116,NA,0.576097666473855,NA
"stepwise_X",0.997499168037147,0.536500660198687,NA,NA,0.00328752679126473,0.576059881345381,NA
"two_step_LASSO",1.00022060940726,0.534585865165332,NA,0.575621265736607,NA,0.576962389072611,NA
"two_step_LASSO_X",1.00007182700591,0.534752166466749,NA,0.575629253718439,NA,0.576875383871799,NA
