"","intercept","X","Z_LL","Z_LH","Z_HL","Z_HH","Z_dummy"
"true_values",1,0.534846922834953,0,0.577350269189626,0,0.577350269189626,NA
"linear",1.00214389491892,0.536360208593168,-0.000751100904378039,0.573580480479694,0.000499378128095152,0.581300005951883,-0.00282719417162871
"stepwise",1.00192552477609,0.536558226145991,-0.00165874614397294,0.573600597451446,0,0.581185420396631,-0.00354134693503412
"stepwise_X",1.00242974134784,0.536448255521595,-0.00146959343189082,0.0567776967815886,-0.00085014734212403,0.582570078109079,1.93236914098237e-05
"two_step_LASSO",1.00312757816575,0.535351467981472,0.000430651938681642,0.573604484959712,0.00283788822811332,0.581889363339328,-0.00224046279158773
"two_step_LASSO_X",1.00120037384975,0.536549958793869,-0.00320037629240957,0.285107976101221,-0.00128635999121157,0.581112537619017,-0.00163263810206707
