"","intercept","X","Z1","Z2","Z3","Z4","Z5"
"true_values",1,0.264580418759451,0.35863072930244,0.435430821141545,0.538887743412299,0.592776517753529,NA
"linear",0.994310490574345,0.270632293056641,0.358529438914159,0.434957313445035,0.53586309478039,0.592756955202302,-0.0108144352738867
"stepwise",0.994212185941193,0.270672839485398,0.358455592165652,0.434930041479045,0.535826173535402,0.592785159416589,NA
"two_step_LASSO",0.994166825464523,0.270812003769514,0.358523859838042,0.435024536994783,0.535799614920883,0.592703821702126,NA
"two_step_least_angle",0.994166825464523,0.270812003769514,0.358523859838042,0.435024536994783,0.535799614920883,0.592703821702126,NA
"two_step_inf_fwd_stage",0.994166825464523,0.270812003769514,0.358523859838042,0.435024536994783,0.535799614920883,0.592703821702126,NA
