"","intercept","X","Z1","Z2","Z3","Z4","Z5"
"true_values",1,0.449003050172629,0.204124145231932,0.540061724867322,0.204124145231932,0.540061724867322,NA
"linear",0.939388964228355,0.486007235166256,0.17991321239689,0.525409115172204,0.171544460162064,0.510799334621752,0.0202944640575179
"stepwise",0.938368843852329,0.486483478973782,0.179669144294964,0.525399803623194,0.17139810241773,0.510718830301339,NA
"stepwise_X",0.940579393395716,0.485576121331987,0.180683358568146,0.525379118558773,0.172919520188597,0.510598188991497,NA
"two_step_LASSO",0.938335530580822,0.486417029786857,0.179490260571585,0.525151286204118,0.171286786043819,0.510659400545413,NA
"two_step_LASSO_X",0.938335530580822,0.486417029786857,0.179490260571585,0.525151286204118,0.171286786043819,0.510659400545413,NA
