"","intercept","X","Z1","Z2","Z3","Z4","Z5"
"true_values",1,0.183135833249878,0.530722777603022,0.530722777603022,0.530722777603022,0.530722777603022,NA
"linear",1.00129016824157,0.180942904921461,0.534850581970964,0.539396516946696,0.538227301844508,0.53174585914292,0.00121084129927806
"stepwise",1.00132133435532,0.18092926713113,0.534834276133872,0.539413498053635,0.538261017737779,0.531701431800751,NA
"two_step_LASSO",1.00128960807194,0.180944543394321,0.534776505369067,0.539388264875584,0.538278943112461,0.531778813621672,NA
"two_step_least_angle",1.00128960807194,0.180944543394321,0.534776505369067,0.539388264875584,0.538278943112461,0.531778813621672,NA
"two_step_inf_fwd_stage",1.00128960807194,0.180944543394321,0.534776505369067,0.539388264875584,0.538278943112461,0.531778813621672,NA
