"","intercept","X","Z1","Z2","Z3","Z4","Z5"
"true_values",1,0.534846922834953,0,0.577350269189626,0,0.577350269189626,NA
"linear",0.982888071954826,0.542729806167889,0.00666069230663749,0.575601484822991,-0.00466997123347718,0.570490969043786,-0.0033352883740399
"stepwise",0.983795356899721,0.541767916336454,NA,0.575628966414211,NA,0.570800509017444,NA
"stepwise_X",0.984958294051019,0.542678323061256,NA,NA,-0.00106158608941332,0.56981901628691,NA
"two_step_LASSO",0.987003692280376,0.538654632962223,NA,0.575367885333165,NA,0.572629627248655,NA
"two_step_LASSO_X",0.986726014909257,0.538923804279792,NA,0.575349783286169,NA,0.572423700032508,NA
