"","intercept","X","Z1","Z2","Z3","Z4","Z5"
"true_values",1,0.605535725226796,0.408248290463863,0.490653381462658,0.136082763487954,0.136082763487954,NA
"linear",0.994310490574346,0.611587599523986,0.407484989483692,0.49155229514973,0.132806476337464,0.136083335825099,-0.0108144352738867
"stepwise",0.994212185941194,0.611628145952743,0.407406707387724,0.491534218150972,0.132767869161348,0.136111674939381,NA
"two_step_LASSO",0.994166825464524,0.611767310236859,0.407459751969618,0.49166027282177,0.13273552405944,0.13603080023145,NA
"two_step_least_angle",0.994166825464524,0.611767310236859,0.407459751969618,0.49166027282177,0.13273552405944,0.13603080023145,NA
"two_step_inf_fwd_stage",0.994166825464524,0.611767310236859,0.407459751969618,0.49166027282177,0.13273552405944,0.13603080023145,NA
