"","intercept","X","Z1","Z2","Z3","Z4","Z5"
"true_values",1,0.449003050172629,0.204124145231932,0.540061724867322,0.204124145231932,0.540061724867322,NA
"linear",1.00022268984736,0.449728837881779,0.205893915235208,0.540306326549913,0.206955399835066,0.540255862006618,-0.000785329201013409
"stepwise",0.999896893108869,0.449995210840708,NA,0.540273128617401,NA,0.540132067987481,NA
"stepwise_X",1.00026773947659,0.449704722506218,0.205935485070867,0.540287028116977,0.206884924892874,0.540305346288544,NA
"two_step_LASSO",1.00013154006973,0.449737185461421,0.205887591809166,0.540248961989202,0.206904001564925,0.540305131010485,NA
"two_step_LASSO_X",1.00013154006973,0.449737185461421,0.205887591809166,0.540248961989202,0.206904001564925,0.540305131010485,NA
