"","intercept","X","Z_LL","Z_LH","Z_HL","Z_HH","Z_dummy"
"true_values",1,0.534846922834953,0,0.577350269189626,0,0.577350269189626,NA
"linear",1.00214389491891,0.536360208593171,-0.000751100904378033,0.573580480479693,0.000499378128094912,0.581300005951882,-0.00282719417162872
"stepwise",1.00192552477608,0.536558226145992,NA,0.573600597451445,NA,0.581185420396632,NA
"stepwise_X",1.00242974134784,0.536448255521597,NA,NA,-0.000850147342124246,0.582570078109079,NA
"two_step_LASSO",1.00312757816575,0.535351467981474,NA,0.57360448495971,NA,0.581889363339329,NA
"two_step_LASSO_X",1.00120037384975,0.536549958793871,NA,NA,-0.00128635999121175,0.581112537619016,NA
