"","intercept","X","Z1","Z2","Z3","Z4","Z5"
"true_values",1,0.5,0.5,0.5,0.5,0.5,NA
"linear",1.02840358194263,0.473237597950477,0.516509364051583,0.512087753269199,0.509870859265398,0.509466432835684,0.00155107320764124
"stepwise",1.03007377649042,0.471829164451613,0.517214183615123,0.512930105957618,0.510433129357634,0.509970677163707,NA
"two_step_LASSO",1.02909491159414,0.472857347784544,0.516620673156152,0.512583941102624,0.509928286938924,0.509557821169037,NA
"two_step_least_angle",1.02909491159414,0.472857347784544,0.516620673156152,0.512583941102624,0.509928286938924,0.509557821169037,NA
"two_step_inf_fwd_stage",1.02909491159414,0.472857347784544,0.516620673156152,0.512583941102624,0.509928286938924,0.509557821169037,NA
