"","intercept","X","Z1","Z2","Z3","Z4","Z5"
"true_values",1,0.412403840463596,0.408248290463863,0.408248290463863,0.408248290463863,0.408248290463863,NA
"linear",1.00129016824157,0.410210912135179,0.412376094831805,0.416922029807537,0.415752814705349,0.409271372003762,0.00121084129927803
"stepwise",1.00132133435532,0.410197274344848,0.412359788994713,0.416939010914476,0.41578653059862,0.409226944661593,NA
"two_step_LASSO",1.00128960807194,0.410212550608039,0.412302018229908,0.416913777736425,0.415804455973302,0.409304326482514,NA
"two_step_least_angle",1.00128960807194,0.410212550608039,0.412302018229908,0.416913777736425,0.415804455973302,0.409304326482514,NA
"two_step_inf_fwd_stage",1.00128960807194,0.410212550608039,0.412302018229908,0.416913777736425,0.415804455973302,0.409304326482514,NA
