"","intercept","X","Z1","Z2","Z3","Z4","Z5"
"true_values",1,0.534846922834953,0,0.577350269189626,0,0.577350269189626,NA
"linear",1.00026874766525,0.534583573479155,-2.91938271256227e-05,0.577359921356673,0.000203656103321393,0.577640743734294,4.84020180986509e-05
"stepwise",1.00021722847418,0.534632650085976,-4.06263564057811e-05,0.577362028854829,7.96518737904057e-05,0.577614112159271,-4.1698785230587e-05
"stepwise_X",1.00000295219284,0.534657554846949,5.2234992994168e-05,0.0877720821759425,0.000126123522320146,0.57766105255049,-0.000203777159165934
"two_step_LASSO",1.00065621896076,0.534193247709317,7.98871847014329e-05,0.577358445951905,0.00109785535217732,0.577866266148154,0.000206434662918092
"two_step_LASSO_X",0.999966737643278,0.534656880253364,-0.000214077776932941,0.200781641111514,0.000240469069082504,0.577597856835702,-0.000285233650833567
