"","intercept","X","Z1","Z2","Z3","Z4","Z5"
"true_values",1,0.534846922834953,0,0.577350269189626,0,0.577350269189626,NA
"linear",1.00214389491891,0.536360208593171,-0.000751100904378033,0.573580480479693,0.000499378128094912,0.581300005951882,-0.00282719417162872
"stepwise",1.00192552477608,0.536558226145992,-0.00165874614397294,0.573600597451445,0,0.581185420396632,-0.00354134693503411
"stepwise_X",1.00242974134784,0.536448255521597,-0.00146959343189081,0.0567776967815889,-0.000850147342124246,0.582570078109079,1.93236914098251e-05
"two_step_LASSO",1.00312757816575,0.535351467981474,0.000430651938681682,0.57360448495971,0.00283788822811321,0.581889363339329,-0.00224046279158772
"two_step_LASSO_X",1.00120037384975,0.536549958793871,-0.00320037629240955,0.285107976101221,-0.00128635999121175,0.581112537619016,-0.00163263810206704
