"","intercept","X","Z1","Z2","Z3","Z4","Z5"
"true_values",1,0.449003050172629,0.204124145231932,0.540061724867322,0.204124145231932,0.540061724867322,NA
"linear",0.998492363705562,0.449296746221498,0.203256966692347,0.539407894199757,0.203892606361425,0.539799916974578,0.00104268863691077
"stepwise",0.998491542942282,0.449302086732415,0.203254308000321,0.539418421093977,0.203888365753782,0.539784215253236,NA
"two_step_LASSO",0.998483145838986,0.449306747704077,0.203256738686851,0.539427635164293,0.203888381055886,0.539780152508519,NA
"iv_2sls",0.998492363705562,0.449296746221498,0.203256966692347,0.539407894199757,0.203892606361425,0.539799916974578,0.00104268863691077
"prop_score_based",0.998490111973413,0.449298371065508,0.203255888770942,0.539415528064664,0.203892460686285,0.539793376116414,NA
