"","intercept","X","Z1","Z2","Z3","Z4","Z5"
"true_values",1,0.534846922834953,0,0.577350269189626,0,0.577350269189626,NA
"linear",0.998492363705562,0.535140618883823,-0.000807228084651528,0.576756388976994,-0.000242490368642454,0.577077509798746,0.00104268863691076
"stepwise",0.998432668886367,0.535204970345008,NA,0.576768375175082,NA,0.577030532088679,NA
"stepwise_X",0.997484487709977,0.535395858592667,NA,NA,-0.00111948578520981,0.57735054653632,NA
"two_step_LASSO",0.998683717368084,0.534953247492469,NA,0.576756084782982,NA,0.577179342891744,NA
"two_step_LASSO_X",0.997663792997605,0.535251248870758,NA,NA,-0.000860869989157485,0.577346094079159,NA
