"","mse","r_squared_X","r_squared_Y","causal_effect_bias","avg_abs_param_bias","coverage","open_paths","blocked_paths"
"linear",0.989333728533039,0.404792720057359,0.604253605666033,0.000725787709150091,0.0395147061935013,0.952,4,4
"stepwise",0.990199351358802,0.404792720057359,0.603906156822844,0.000992160668078946,0.0364235809206403,0.948,4,3.992
"stepwise_X",0.991012287639929,0.404792720057359,0.603581396407743,0.000701672333588689,0.0352277283336086,0.949,4,4
"two_step_LASSO",0.990483215922946,0.404792720057359,0.603795974427957,0.000734135288791667,0.036329384437109,0.949,4,4
"two_step_LASSO_X",0.990483215922946,0.404792720057359,0.603795974427957,0.000734135288791667,0.036329384437109,0.949,4,4
