"","pred_mse","r_squared_X","r_squared_Y","causal_effect_est","causal_effect_mcse","causal_effect_bias","avg_abs_param_bias","coverage","open_paths","blocked_paths"
"linear",0.998144073044993,0.399852662659057,0.600558234524603,0.535140618883823,0.00103278781388463,0.000293696048869617,0.00933118398837244,0.95,1,1
"stepwise",0.998275990216217,0.399852662659057,0.600505536999259,0.535204970345008,0.00094393795368971,0.000358047510054765,0.00681032603523371,0.94,1,1
"stepwise_X",1.27046626997487,0.399852662659057,0.491502616306409,0.535395858592667,0.00110673617515059,0.000548935757713628,0.0747945185111812,0.96,1,1
"two_step_LASSO",0.998187589244221,0.399852662659057,0.60054082676962,0.534953247492469,0.000994252895123092,0.000106324657516029,0.00814201785536669,0.95,1,1
"two_step_LASSO_X",1.19098489782916,0.399852662659057,0.523417413158244,0.535251248870758,0.00104469996683232,0.00040432603580509,0.0555359757753351,0.96,1,1
