"","pred_mse","r_squared_X","r_squared_Y","model_SE","emp_SE","causal_effect_est","causal_effect_mcse","causal_effect_bias","avg_abs_param_bias","coverage","open_paths","blocked_paths"
"linear",1.00038889204175,0.395847125481504,0.600218407088241,NA,NA,0.536360208593168,0.00199731814979477,0.00151328575821535,0.00702940790962947,1,1,1
"stepwise",1.00051254660985,0.395847125481504,0.600169044255017,NA,NA,0.536558226145991,0.00236715295181355,0.00171130331103762,0.00485295146432887,1,1,1
"stepwise_X",1.29760904087034,0.395847125481504,0.48171798809857,NA,NA,0.536448255521595,0.00276501359885662,0.00160133268664207,0.0794634331979691,1,1,1
"two_step_LASSO",1.0004516749564,0.395847125481504,0.600193309093633,NA,NA,0.535351467981472,0.00208850331565426,0.000504545146519242,0.00560544207120956,1,1,1
"two_step_LASSO_X",1.16703135596446,0.395847125481504,0.533607246943019,NA,NA,0.536549958793869,0.0018956307680109,0.00170303595891553,0.046896657450985,1,1,1
