"","mse","r_squared_X","r_squared_Y","causal_effect_bias","avg_abs_param_bias","coverage","open_paths","blocked_paths"
"linear",0.995240000157744,0.402836269908351,0.598628617049904,0.00605187429719026,0.0118689467712602,0.9,4,4
"stepwise",0.995325477472468,0.402836269908351,0.598672734117436,0.00609242072594673,0.0109731694454941,0.9,4,4
"two_step_LASSO",0.995550168393181,0.402836269908351,0.59878762040771,0.00623158501006297,0.0100552088035097,0.9,4,4
"two_step_least_angle",0.995550168393181,0.402836269908351,0.59878762040771,0.00623158501006297,0.0100552088035097,0.9,4,4
"two_step_inf_fwd_stage",0.995550168393181,0.402836269908351,0.59878762040771,0.00623158501006297,0.0100552088035097,0.9,4,4
