"","pred_mse","r_squared_X","r_squared_Y","model_SE","emp_SE","causal_effect_est","causal_effect_mcse","causal_effect_bias","avg_abs_param_bias","coverage","open_paths","blocked_paths"
"linear",1.00038889204175,0.395847125481504,0.600218407088241,0.00651439021700912,0.00631607456534461,0.536360208593171,0.0019973181497947,0.00151328575821752,0.007029407909629,1,1,1
"stepwise",1.00051254660985,0.395847125481504,0.600169044255017,0.0076998756770547,0.00748559489772152,0.536558226145992,0.00236715295181352,0.00171130331103918,0.00485295146432879,1,1,1
"stepwise_X",1.29760904087034,0.395847125481504,0.48171798809857,0.00890517753208022,0.00874374073372647,0.536448255521597,0.00276501359885675,0.00160133268664412,0.0794634331979689,1,1,1
"two_step_LASSO",1.0004516749564,0.395847125481504,0.600193309093633,0.00662580650859094,0.00660442737828023,0.535351467981474,0.002088503315654,0.000504545146520841,0.00560544207120918,1,1,1
"two_step_LASSO_X",1.16703135596446,0.395847125481504,0.533607246943019,0.00625753550662731,0.00599451082960858,0.536549958793871,0.00189563076801086,0.00170303595891755,0.0468966574509844,1,1,1
