"","pred_mse","r_squared_X","r_squared_Y","causal_effect_est","causal_effect_mcse","causal_effect_bias","avg_abs_param_bias","coverage","open_paths","blocked_paths"
"linear",0.994356398210455,0.400484282513696,0.601914228156357,0.538835628872444,0.00341042720831878,0.00398870603749092,0.0286189606694681,0.92,1,1
"stepwise",0.995580904633497,0.400484282513696,0.601423234059578,0.537902662534034,0.00319549402042792,0.00305573969908104,0.0207626201382461,0.89,1,1
"stepwise_X",1.26130817669862,0.400484282513696,0.495302007202306,0.537713143256963,0.00344650151922404,0.00286622042200965,0.0879101018962569,0.97,1,1
"two_step_LASSO",0.994930163387449,0.400484282513696,0.601682923501993,0.536260038925812,0.00328752268513815,0.00141311609085833,0.0238345966262134,0.89,1,1
"two_step_LASSO_X",1.21866369163242,0.400484282513696,0.512603460980947,0.538181530688887,0.00349917694714019,0.00333460785393386,0.0791372985328013,0.95,1,1
