"","mse","r_squared_X","r_squared_Y","causal_effect_bias","avg_abs_param_bias","coverage","open_paths","blocked_paths"
"linear",0.994736792794914,0.398960454762403,0.596406169012382,-0.00219292832841689,0.013719020717214,1,4,4
"stepwise",0.994783624241915,0.398960454762403,0.596442655997727,-0.00220656611874799,0.0130667301707796,1,4,4
"two_step_LASSO",0.994908557398334,0.398960454762403,0.596465519580526,-0.00219128985555718,0.012519814150068,1,4,4
"two_step_least_angle",0.994908557398334,0.398960454762403,0.596465519580526,-0.00219128985555718,0.012519814150068,1,4,4
"two_step_inf_fwd_stage",0.994908557398334,0.398960454762403,0.596465519580526,-0.00219128985555718,0.012519814150068,1,4,4
