"","mse","r_squared","causal_effect_bias","avg_abs_param_bias","coverage","open_paths","blocked_paths","benchmark"
"linear",0.00915872368010641,0.994747338306126,-0.0267624020495231,0.0426108459812225,1,4,4,455213.7
"stepwise",0.00919003909366926,0.994726208401307,-0.0281708355483866,0.0416049880971511,1,4,4,10898786.5
"two_step_LASSO",0.00921193527141603,0.994760517001409,-0.0271426522154564,0.0419246137891988,1,4,4,496505.55
"two_step_least_angle",0.00921193527141603,0.994760517001409,-0.0271426522154564,0.0419246137891988,1,4,4,1388618.85
"two_step_inf_fwd_stage",0.00921193527141603,0.994760517001409,-0.0271426522154564,0.0419246137891988,1,4,4,597509.6
