"","pred_mse","r_squared_X","r_squared_Y","model_SE","emp_SE","causal_effect_est","causal_effect_mcse","causal_effect_bias","avg_abs_param_bias","coverage","open_paths","blocked_paths"
"linear",0.998609358089546,0.400257581907276,0.600481455221602,0.0103618016550337,0.0103584511985506,0.534583573479155,0.000327562988191209,-0.000263349355798444,0.00888325112142925,0.935,1,1
"stepwise",0.998736937361025,0.400257581907276,0.600430415777449,0.00970336872729202,0.00970100025193613,0.534632650085976,0.000306772563779855,-0.000214272748977019,0.00646986699200459,0.923,1,1
"stepwise_X",1.28150157161967,0.400257581907276,0.487290255187047,0.0109527574809513,0.0109511186782685,0.534657554846949,0.000346304779501413,-0.000189367988004456,0.0765144935600069,0.953,1,1
"two_step_LASSO",0.998654666723589,0.400257581907276,0.600463323285725,0.0101395351322276,0.0101184215077705,0.534193247709317,0.000319972582901899,-0.000653675125636529,0.00767581073883663,0.92,1,1
"two_step_LASSO_X",1.21630112479628,0.400257581907276,0.513374617284004,0.0106222477410209,0.0106205458775183,0.534656880253364,0.000335851149672695,-0.000190042581588869,0.0609266467717134,0.951,1,1
