"","mse","r_squared_X","r_squared_Y","causal_effect_bias","avg_abs_param_bias","coverage","open_paths","blocked_paths"
"linear",0.992792122573838,0.402694195008985,0.601997044213125,0.00151933140304272,0.0280617830690491,0.942,4,4
"stepwise",0.9940783553831,0.402694195008985,0.601480893093148,0.00227758209703989,0.0207090032905527,0.931,4,2.305
"stepwise_X",1.26792876435397,0.402694195008985,0.491873178216226,0.0026817849642817,0.0896728115246926,0.965,4,2.318
"two_step_LASSO",0.994225910723805,0.402694195008985,0.601423011720886,0.000766989930926607,0.0210840482114469,0.932,4,2.607
"two_step_LASSO_X",0.994298474150033,0.402694195008985,0.601394187412695,0.000933291232343104,0.0207424011111204,0.934,4,2.553
