"","mse","r_squared_X","r_squared_Y","causal_effect_bias","avg_abs_param_bias","coverage","open_paths","blocked_paths"
"linear",0.992627042098376,0.417188116365866,0.605993959746027,0.0370041849936268,0.0449759518847172,0.9,4,4
"stepwise",0.993659452098191,0.417188116365866,0.605593644160358,0.0374804288011527,0.0417960918887503,0.9,4,4
"stepwise_X",0.995834251805508,0.417188116365866,0.604655360117785,0.0365730711593577,0.0383555718092519,0.9,4,4
"two_step_LASSO",0.993451046752818,0.417188116365866,0.605667211032081,0.0374139796142273,0.0426931145184579,0.9,4,4
"two_step_LASSO_X",0.993451046752818,0.417188116365866,0.605667211032081,0.0374139796142273,0.0426931145184579,0.9,4,4
