"","mse","r_squared_X","r_squared_Y","causal_effect_bias","avg_abs_param_bias","coverage","open_paths","blocked_paths"
"linear",0.995240000157744,0.404444357140714,0.600374797902501,0.0060518742971902,0.0120921244521802,0.9,4,4
"stepwise",0.995325477472468,0.404444357140714,0.600418649254008,0.00609242072594676,0.0111929655364344,0.9,4,4
"two_step_LASSO",0.995550168393181,0.404444357140714,0.600532870104856,0.006231585010063,0.0102926448378771,0.9,4,4
"two_step_least_angle",0.995550168393181,0.404444357140714,0.600532870104856,0.006231585010063,0.0102926448378771,0.9,4,4
"two_step_inf_fwd_stage",0.995550168393181,0.404444357140714,0.600532870104856,0.006231585010063,0.0102926448378771,0.9,4,4
