"","mse","r_squared_X","r_squared_Y","causal_effect_bias","avg_abs_param_bias","coverage","open_paths","blocked_paths"
"linear",0.998144073044993,0.400041932593375,0.600533440908029,0.000293696048868999,0.00928592473494578,0.95,4,4
"stepwise",0.998188191780431,0.400041932593375,0.600515807668616,0.000299036559786042,0.00855344763128449,0.95,4,4
"two_step_LASSO",0.998197133943313,0.400041932593375,0.600512151593985,0.000303697531447814,0.0085193929664854,0.95,4,4
"iv_2sls",0.998144073044993,0.400041932593375,0.600533440908029,0.000293696048868999,0.00928592473494578,0.95,4,4
"prop_score_based",0.99815847865511,0.400041932593375,0.600527702767301,0.000295320892878346,0.0090523940061384,0.95,4,4
