"","mse","r_squared_X","r_squared_Y","causal_effect_bias","avg_abs_param_bias","coverage","open_paths","blocked_paths"
"linear",0.991407031209872,0.409729729550415,0.604581325234373,0.00788288333293621,0.0385997986602074,0.95,1,1
"stepwise",0.994099641924431,0.409729729550415,0.603502763917554,0.00692099350150078,0.0274295587112027,0.95,1,1
"stepwise_X",1.26928328784947,0.409729729550415,0.493804011170607,0.00783140022630294,0.0947604301333613,0.96,1,1
"two_step_LASSO",0.99511286884496,0.409729729550415,0.603101713530754,0.00380771012727005,0.026583026580446,0.96,1,1
"two_step_LASSO_X",0.99513687536689,0.409729729550415,0.603092011926358,0.00407688144483909,0.0264601472692528,0.96,1,1
