"","mse","r_squared","causal_effect_bias","avg_abs_param_bias","coverage","open_paths","blocked_paths","benchmark"
"linear",0.00708298937731419,0.582300685048999,-0.00460249642530007,0.0110867877390393,0.94,40,40,1898384.3
"stepwise",0.00775114822942255,0.52258853062234,0.137903684810455,0.0173862809479848,0.5,40,26.13,261997173.9
"two_step_LASSO",0.00842070069283099,0.544883656553003,0.183648594007479,0.0208832299620122,0.44,40,23.11,2265987.85
"two_step_least_angle",0.00854476101403425,0.546032686138758,0.195460129271848,0.0216938963045676,0.41,40,22.25,2202919.4
"two_step_inf_fwd_stage",0.0086135242783052,0.53889347738116,0.215498265914887,0.0227372068131085,0.31,40,21.17,2539227.1
