"","mse","r_squared","causal_effect_bias","avg_abs_param_bias","coverage","open_paths","blocked_paths","benchmark"
"linear",0.623655824248442,0.455269959112864,0.0234643783624118,0.110446044565612,1,40,40,1759191
"stepwise",0.71431774676258,0.343865119449567,0.149764452284228,0.142896032429686,0.6,40,21.2,299186393.6
"two_step_LASSO",0.776347571176083,0.444293284750889,0.183341681505392,0.133198212142688,0.4,40,21.5,1924814.8
"two_step_least_angle",0.775896281747174,0.450002645193063,0.180504623927864,0.132705315061519,0.4,40,21.8,1931707.4
"two_step_inf_fwd_stage",0.738903465112418,0.440043271056625,0.150498657298583,0.130511557403593,0.5,40,23.5,2666312.5
