"cause","intercept","y","X","Z1","Z2","Z3","Z4","Z5","Z6"
1,1,NA,0.349034903490349,0.365148371670111,0.365148371670111,0.365148371670111,0.365148371670111,0.365148371670111,NA
1,1,NA,NA,0.365148371670111,0.365148371670111,0.365148371670111,0.365148371670111,0.365148371670111,NA
0,NA,NA,NA,NA,NA,NA,NA,NA,NA
0,NA,NA,NA,NA,NA,NA,NA,NA,NA
0,NA,NA,NA,NA,NA,NA,NA,NA,NA
0,NA,NA,NA,NA,NA,NA,NA,NA,NA
0,NA,NA,NA,NA,NA,NA,NA,NA,NA
0,NA,NA,NA,NA,NA,NA,NA,NA,NA
