"cause","intercept","y","X","Z1","Z2","Z3","Z4","Z5","Z6"
1,1,NA,0.00756391459877194,0.542245331930114,0.542245331930114,0.542245331930114,0.542245331930114,0.542245331930114,NA
1,1,NA,NA,0.542245331930114,0.542245331930114,0.542245331930114,0.542245331930114,0.542245331930114,NA
0,NA,NA,NA,NA,NA,NA,NA,NA,NA
0,NA,NA,NA,NA,NA,NA,NA,NA,NA
0,NA,NA,NA,NA,NA,NA,NA,NA,NA
0,NA,NA,NA,NA,NA,NA,NA,NA,NA
0,NA,NA,NA,NA,NA,NA,NA,NA,NA
0,NA,NA,NA,NA,NA,NA,NA,NA,NA
