"cause","intercept","y","X","Z1","Z2","Z3","Z4","Z5","Z6"
1,1,NA,0.5,0.447213595499958,0.447213595499958,0.447213595499958,0.447213595499958,0.447213595499958,NA
1,1,NA,NA,0.447213595499958,0.447213595499958,0.447213595499958,0.447213595499958,0.447213595499958,NA
0,NA,NA,NA,NA,NA,NA,NA,NA,NA
0,NA,NA,NA,NA,NA,NA,NA,NA,NA
0,NA,NA,NA,NA,NA,NA,NA,NA,NA
0,NA,NA,NA,NA,NA,NA,NA,NA,NA
0,NA,NA,NA,NA,NA,NA,NA,NA,NA
0,NA,NA,NA,NA,NA,NA,NA,NA,NA
