"cause","intercept","y","X","Z1","Z2","Z3","Z4","Z5","Z6"
1,1,NA,0.119619824026817,0.547722557505166,0.547722557505166,0.547722557505166,0.547722557505166,0.547722557505166,NA
1,1,NA,NA,0.547722557505166,0.547722557505166,0.547722557505166,0.547722557505166,0.547722557505166,NA
0,NA,NA,NA,NA,NA,NA,NA,NA,NA
0,NA,NA,NA,NA,NA,NA,NA,NA,NA
0,NA,NA,NA,NA,NA,NA,NA,NA,NA
0,NA,NA,NA,NA,NA,NA,NA,NA,NA
0,NA,NA,NA,NA,NA,NA,NA,NA,NA
0,NA,NA,NA,NA,NA,NA,NA,NA,NA
