"","intercept","X","Z1","Z2","Z3","Z4","Z5","Z6"
"true_values",1,0.00756391459877194,0.542245331930114,0.542245331930114,0.542245331930114,0.542245331930114,0.542245331930114,NA
"linear",1.00674889514853,-0.000597359560486965,0.542479823303398,0.546746216358687,0.551632401994604,0.547309142520363,0.537629569295017,-0.0132257058255872
"stepwise",1.00682115932454,-0.000605494644480781,0.542494582442884,0.546811798025115,0.551609223860679,0.547338855780379,0.537657222059911,NA
"two_step_LASSO",1.00680170381355,-0.000568389320418275,0.542414761112536,0.54672303336706,0.551518567590251,0.547387559551889,0.537747756848455,NA
"two_step_least_angle",1.00680170381355,-0.000568389320418275,0.542414761112536,0.54672303336706,0.551518567590251,0.547387559551889,0.537747756848455,NA
"two_step_inf_fwd_stage",1.00680170381355,-0.000568389320418275,0.542414761112536,0.54672303336706,0.551518567590251,0.547387559551889,0.537747756848455,NA
