"","intercept","X","Z1","Z2","Z3","Z4","Z5","Z6"
"true_values",1,0.5,0.447213595499958,0.447213595499958,0.447213595499958,0.447213595499958,0.447213595499958,NA
"linear",0.992561394450823,0.505110398408239,0.442250363570562,0.443077687691528,0.447800085282151,0.447636521019835,0.442353704596421,-0.00181891523407168
"stepwise",0.988889716422289,0.508620088845342,0.440546656722425,0.441439624928607,0.446072212962681,0.445985461918947,0.440607972641566,NA
"two_step_LASSO",0.989715574569689,0.507591392318209,0.441124718487841,0.44193956812863,0.446394916898264,0.446587523997495,0.440841673381885,NA
"two_step_least_angle",0.989715574569689,0.507591392318209,0.441124718487841,0.44193956812863,0.446394916898264,0.446587523997495,0.440841673381885,NA
"two_step_inf_fwd_stage",0.989715574569689,0.507591392318209,0.441124718487841,0.44193956812863,0.446394916898264,0.446587523997495,0.440841673381885,NA
