"","intercept","X","Z1","Z2","Z3","Z4","Z5","Z6"
"true_values",1,0.5,0.547722557505166,0.547722557505166,0.547722557505166,0.547722557505166,0.547722557505166,NA
"linear",1.00931733224747,0.485881100997975,0.557765975917635,0.553816070237418,0.547552405619857,0.553870040559472,0.556376661333797,-0.00204980508055273
"stepwise",1.00998166569833,0.486244979118497,0.556799438803723,0.553795376936093,0.546847957617406,0.554219147936438,0.556243971996599,NA
"two_step_LASSO",1.01457304529792,0.481812386899149,0.560447215936049,0.55676954501644,0.549755188226705,0.557215744778263,0.558645525275798,NA
"two_step_least_angle",1.01457304529792,0.481812386899149,0.560447215936049,0.55676954501644,0.549755188226705,0.557215744778263,0.558645525275798,NA
"two_step_inf_fwd_stage",1.01457304529792,0.481812386899149,0.560447215936049,0.55676954501644,0.549755188226705,0.557215744778263,0.558645525275798,NA
