"","intercept","X","Z1","Z2","Z3","Z4","Z5","Z6"
"true_values",1,0.230769230769231,0.153846153846154,0.153846153846154,0.153846153846154,0.153846153846154,0.153846153846154,NA
"linear",0.98308801764798,0.246670167879474,0.151141455962505,0.149896741721531,0.15099455438534,0.152286976700003,0.150036332005248,0.000213972930792583
"stepwise",0.983582030053974,0.246138576534231,0.151347642721919,0.150039790561629,0.151076505820018,0.152377420106973,0.150228494815288,NA
"two_step_LASSO",0.983693121106033,0.246076702382853,0.151367016597057,0.150055165802549,0.151063463277103,0.152381039175249,0.150217974967677,NA
"two_step_least_angle",0.983693121106033,0.246076702382853,0.151367016597057,0.150055165802549,0.151063463277103,0.152381039175249,0.150217974967677,NA
"two_step_inf_fwd_stage",0.983693121106033,0.246076702382853,0.151367016597057,0.150055165802549,0.151063463277103,0.152381039175249,0.150217974967677,NA
