"","intercept","X","Z1","Z2","Z3","Z4","Z5","Z6"
"true_values",1,0.121904387841447,0.447213595499958,0.447213595499958,0.447213595499958,0.447213595499958,0.447213595499958,NA
"linear",1.00693700405361,0.109428267058838,0.467038161372525,0.456370138347245,0.451051215926874,0.449353322301455,0.446568579475612,-0.0150005252888857
"stepwise",1.0032358492258,0.11228420574613,NA,0.455942349594097,NA,NA,0.445223899671288,NA
"two_step_LASSO",1.00668143639758,0.109804250195973,0.467070497482312,0.456563709090953,0.44949642874053,0.449135970768611,0.446138907679822,NA
"two_step_least_angle",1.00668143639758,0.109804250195973,0.467070497482312,0.456563709090953,0.44949642874053,0.449135970768611,0.446138907679822,NA
"two_step_inf_fwd_stage",1.00576138646743,0.110997980441792,0.466679823915299,0.455722668124681,0.448863728045071,NA,0.445737295928063,NA
