"","intercept","X","Z1","Z2","Z3","Z4","Z5","Z6"
"true_values",1,1,1,1,1,1,1,NA
"linear",1.00310951292015,0.996200986983122,1.00464263667698,1.00382444289933,1.00303622018207,1.00416768184554,1.00376834592553,-0.00270117273474892
"stepwise",1.00242525583303,0.996902575863867,1.00388266273487,1.00298259979143,1.0023200895177,1.00347441190154,1.00303805692867,NA
"two_step_LASSO",1.00246880636481,0.996816785383827,1.00393824680627,1.0030099596498,1.00240999472416,1.00354499972486,1.00308916156309,NA
"two_step_least_angle",1.00246880636481,0.996816785383827,1.00393824680627,1.0030099596498,1.00240999472416,1.00354499972486,1.00308916156309,NA
"two_step_inf_fwd_stage",1.00246880636481,0.996816785383827,1.00393824680627,1.0030099596498,1.00240999472416,1.00354499972486,1.00308916156309,NA
