"","intercept","X","Z1","Z2","Z3","Z4","Z5","Z6"
"true_values",1,1,1,1,1,1,1,NA
"linear",1.00885545059959,0.992849295190257,1.00534564131392,1.00882862609509,1.00548372415475,1.00702257989743,1.01095399305164,-0.00264029118908764
"stepwise",1.00832912119148,0.993209974760295,1.00497271033064,1.0083502571022,1.00522836413971,1.00667402988973,1.01060504291091,NA
"LASSO",1.91821876655166,0.996269651998297,1.00188696665241,1.00542241989007,1.00202994873064,1.0035889719221,1.00749136909372,-0.00262206411270072
"least_angle",1.91821876655166,0.996269651998297,1.00188696665241,1.00542241989007,1.00202994873064,1.0035889719221,1.00749136909372,-0.00262206411270072
"inf_fwd_stage",1.91821876655166,0.992849295190288,1.00534564131389,1.00882862609506,1.00548372415472,1.0070225798974,1.01095399305161,-0.00264029118908685
