"","intercept","X","Z1","Z2","Z3","Z4","Z5","Z6"
"true_values",1,0.119619824026817,0.547722557505166,0.547722557505166,0.547722557505166,0.547722557505166,0.547722557505166,NA
"linear",0.997387938291163,0.119730811539636,0.53812849500321,0.544108075899346,0.562055041210257,0.560113341304261,0.555236669900047,-0.00825478030698806
"stepwise",0.995136669179123,0.120332532213082,0.538980977325037,0.54482322132586,0.560665172378394,0.559582300816172,0.554751168984387,NA
"two_step_LASSO",0.995306708415883,0.120359767676331,0.538624486423562,0.543184608195768,0.56049045412096,0.559299799817217,0.554256029927469,NA
"two_step_least_angle",0.995119487968552,0.120499019084547,0.538498351156012,0.54318156038845,0.560374215357677,0.55921272915948,0.554223581283769,NA
"two_step_inf_fwd_stage",0.994811632941267,0.120687452718083,0.538371046085415,0.543121490123147,0.560205974847116,0.558937569222244,0.554060551133156,NA
