"","intercept","X","Z1","Z2","Z3","Z4","Z5","Z6"
"true_values",1,0.285714285714286,0.142857142857143,0.142857142857143,0.142857142857143,0.142857142857143,0.142857142857143,0.142857142857143
"linear",0.999530131324708,0.285702005244125,0.14331182924349,0.143300116891388,0.142356078048564,0.14340805754535,0.141611686775219,0.143313356991296
"stepwise",0.999530131324708,0.285702005244125,0.14331182924349,0.143300116891388,0.142356078048564,0.14340805754535,0.141611686775219,0.143313356991296
"two_step_LASSO",0.999530131324708,0.285702005244125,0.14331182924349,0.143300116891388,0.142356078048564,0.14340805754535,0.141611686775219,0.143313356991296
"two_step_least_angle",0.999530131324708,0.285702005244125,0.14331182924349,0.143300116891388,0.142356078048564,0.14340805754535,0.141611686775219,0.143313356991296
"two_step_inf_fwd_stage",0.999530131324708,0.285702005244125,0.14331182924349,0.143300116891388,0.142356078048564,0.14340805754535,0.141611686775219,0.143313356991296
