"","intercept","X","Z1","Z2","Z3","Z4","Z5","Z6"
"true_values",1,0.166666666666667,0.166666666666667,0.166666666666667,0.166666666666667,0.166666666666667,0.166666666666667,NA
"linear",0.997811126926733,0.170313676924609,0.164734328845109,0.164725465275107,0.166090079553167,0.166349272482353,0.165792687231471,0.00026534547214889
"stepwise",0.997118541481861,0.170994092039062,0.16462064824471,0.164560172304529,0.165948693502923,0.166182979388994,0.165646231240811,NA
"two_step_LASSO",0.997296443236213,0.170811642557938,0.164674873011783,0.16460427917885,0.165934568842013,0.166236837267635,0.165670133771896,NA
"two_step_least_angle",0.997296443236213,0.170811642557938,0.164674873011783,0.16460427917885,0.165934568842013,0.166236837267635,0.165670133771896,NA
"two_step_inf_fwd_stage",0.997296443236213,0.170811642557938,0.164674873011783,0.16460427917885,0.165934568842013,0.166236837267635,0.165670133771896,NA
