"","intercept","X","Z1","Z2","Z3","Z4","Z5","Z6"
"true_values",1,0.349034903490349,0.365148371670111,0.365148371670111,0.365148371670111,0.365148371670111,0.365148371670111,NA
"linear",1.00081509095212,0.347169339834497,0.36630752886914,0.357701614655063,0.354593332661045,0.36679308135734,0.357036346762383,-0.0074650996358061
"stepwise",1.00084949749358,0.347138711393111,0.366313649423951,0.357730469301115,0.354599313458277,0.366788776506673,0.357067989117476,NA
"two_step_LASSO",1.00085242431759,0.347139367041977,0.366226322993308,0.357706744364445,0.354651895685963,0.366745831368131,0.357149491976966,NA
"two_step_least_angle",1.00085242431759,0.347139367041977,0.366226322993308,0.357706744364445,0.354651895685963,0.366745831368131,0.357149491976966,NA
"two_step_inf_fwd_stage",1.00085242431759,0.347139367041977,0.366226322993308,0.357706744364445,0.354651895685963,0.366745831368131,0.357149491976966,NA
