"","intercept","X","Z1","Z2","Z3","Z4","Z5","Z6"
"true_values",1,0.230769230769231,0.153846153846154,0.153846153846154,0.153846153846154,0.153846153846154,0.153846153846154,NA
"linear",0.968279505510588,0.26467241606925,0.149043397752382,0.145358135724947,0.143600070923804,0.14954869955336,0.14886683230857,0.00126770063558238
"stepwise",0.967959263196019,0.264857146566376,0.14908531144064,0.14523975293257,0.143716801638929,0.14939525604953,0.148818294593226,NA
"two_step_LASSO",0.968779591694785,0.264001050084011,0.149190055544458,0.145496339286475,0.143736102649127,0.149601055155047,0.14901538495004,NA
"two_step_least_angle",0.968779591694785,0.264001050084011,0.149190055544458,0.145496339286475,0.143736102649127,0.149601055155047,0.14901538495004,NA
"two_step_inf_fwd_stage",0.968779591694785,0.264001050084011,0.149190055544458,0.145496339286475,0.143736102649127,0.149601055155047,0.14901538495004,NA
