"","mse","r_squared","causal_effect_bias","avg_abs_param_bias","coverage","open_paths","blocked_paths","benchmark"
"linear",0.00941634668680837,0.994940812820412,0.00511039840823947,0.0315266191588858,1,5,5,547534.9
"stepwise",0.00945692646744006,0.994935694685013,0.00862008884534169,0.0327163966621341,1,5,5,5630324.8
"two_step_LASSO",0.00947833134705871,0.994927560621586,0.00759139231820929,0.0328451963240771,1,5,5,523095
"two_step_least_angle",0.00947833134705871,0.994927560621586,0.00759139231820929,0.0328451963240771,1,5,5,515587.1
"two_step_inf_fwd_stage",0.00947833134705871,0.994927560621586,0.00759139231820929,0.0328451963240771,1,5,5,607753.65
