"","mse","r_squared","causal_effect_bias","avg_abs_param_bias","coverage","open_paths","blocked_paths","benchmark"
"linear",0.937240036320639,0.614326041553115,0.000110987512819371,0.0903794933730655,0.96,5,5,1176675.1
"stepwise",0.94128694082635,0.617021009315256,0.000712708186265235,0.0837400133222942,0.95,5,5,15243783.9
"two_step_LASSO",0.941641788704891,0.616179502086147,0.000739943649513985,0.0840043458743546,0.95,5,5,1258673.75
"two_step_least_angle",0.941682140627511,0.616190300705678,0.000879195057729598,0.0838081449625731,0.95,5,5,982824.65
"two_step_inf_fwd_stage",0.941512467179891,0.61624584656739,0.00106762869126605,0.0844613766370768,0.95,5,5,1079834.5
