"","mse","r_squared","param_bias","causal_effect_bias","coverage","open_paths","blocked_paths","z_inclusion","benchmark"
"linear",0.00949191989163244,0.949119504445792,-0.0039180172893035,0.00364701025794238,0.92,5,5,1,472686.8
"stepwise",0.00951295124342752,0.949102893191157,-0.00521451687349444,0.0043274253723958,0.92,5,5,1,5740765.8
"two_step_LASSO",0.00953363565259,0.949244690778436,-0.00298200418056214,0.00414497589127143,0.92,5,5,1,523705.3
"two_step_least_angle",0.00953363565259,0.949244690778436,-0.00298200418056214,0.00414497589127143,0.92,5,5,1,515013.8
"two_step_inf_fwd_stage",0.00953363565259,0.949244690778436,-0.00298200418056214,0.00414497589127143,0.92,5,5,1,553552.75
