"","mse","r_squared","causal_effect_bias","avg_abs_param_bias","coverage","open_paths","blocked_paths","benchmark"
"linear",0.00885419477769642,0.996071531759192,-0.0141188990020249,0.0750566480753705,0.8,5,5,461235.8
"stepwise",0.0089213823632515,0.996124127948736,-0.0137550208815026,0.0744719386219709,0.8,5,5,6256312.3
"two_step_LASSO",0.00900287173137142,0.996151606574346,-0.0181876131008506,0.0729240560350901,0.9,5,5,508596.85
"two_step_least_angle",0.00900287173137142,0.996151606574346,-0.0181876131008506,0.0729240560350901,0.9,5,5,499392.45
"two_step_inf_fwd_stage",0.00900287173137142,0.996151606574346,-0.0181876131008506,0.0729240560350901,0.9,5,5,676220.9
