"","mse","r_squared","causal_effect_bias","avg_abs_param_bias","coverage","open_paths","blocked_paths","benchmark"
"linear",0.00950908846068281,0.945267696342353,0.0159009371102428,0.0305856980627681,0.9,5,5,560610.4
"stepwise",0.00953513686576742,0.94540969060351,0.0153693457650004,0.0299253348694971,0.89,5,5,5819894
"two_step_LASSO",0.00954428025491045,0.945509518466163,0.0153074716136226,0.029940413599442,0.89,5,5,520654.2
"two_step_least_angle",0.00954428025491045,0.945509518466163,0.0153074716136226,0.029940413599442,0.89,5,5,525416.55
"two_step_inf_fwd_stage",0.00954428025491045,0.945509518466163,0.0153074716136226,0.029940413599442,0.89,5,5,570909.7
