"","mse","r_squared_X","r_squared_Y","causal_effect_bias","avg_abs_param_bias","coverage","open_paths","blocked_paths"
"linear",1.00492067379683,0.397106762721804,0.571047086805675,-0.00186556365585192,0.0114502508320139,1,5,5
"stepwise",1.0049468144858,0.397106762721804,0.571082663949687,-0.00189619209723826,0.0109313955622923,1,5,5
"two_step_LASSO",1.00515810738269,0.397106762721804,0.571139091975602,-0.00189553644837235,0.0101728151381962,1,5,5
"two_step_least_angle",1.00515810738269,0.397106762721804,0.571139091975602,-0.00189553644837235,0.0101728151381962,1,5,5
"two_step_inf_fwd_stage",1.00515810738269,0.397106762721804,0.571139091975602,-0.00189553644837235,0.0101728151381962,1,5,5
