"","mse","r_squared","causal_effect_bias","avg_abs_param_bias","coverage","open_paths","blocked_paths","benchmark"
"linear",0.947014521913514,0.518009181718621,-0.0124761207826089,0.0941699190965033,0.96,5,5,527408.9
"stepwise",0.951430829372528,0.519992518580153,-0.00962018209531676,0.089169674121053,0.96,5,4.96,6039505
"two_step_LASSO",0.953221467666946,0.521270483817699,-0.0121001376454742,0.0869188706030821,0.96,5,5,524859.65
"two_step_least_angle",0.953221467666946,0.521270483817699,-0.0121001376454742,0.0869188706030821,0.96,5,5,510130.7
"two_step_inf_fwd_stage",0.953468833206732,0.520613526470097,-0.0109064073996552,0.0875999701048737,0.95,5,4.99,593336.85
