"","mse","r_squared","param_bias","causal_effect_bias","coverage","open_paths","blocked_paths","z_inclusion","benchmark"
"linear",0.00971292756901661,0.999411027996659,0.0160486546979708,-0.00379901301687767,0.96,5,5,1,502095.4
"stepwise",0.00973965269139896,0.99941191612467,0.0130931537574998,-0.00309742413613274,0.96,5,5,1,5936671.9
"two_step_LASSO",0.00976858759904888,0.999415575291284,0.0161973960984637,-0.00318321461617348,0.96,5,5,1,510423.85
"two_step_least_angle",0.00976858759904888,0.999415575291284,0.0161973960984637,-0.00318321461617348,0.96,5,5,1,500818.7
"two_step_inf_fwd_stage",0.00976858759904888,0.999415575291284,0.0161973960984637,-0.00318321461617348,0.96,5,5,1,635478.15
