"","mse","r_squared","param_bias","causal_effect_bias","coverage","open_paths","blocked_paths","z_inclusion","benchmark"
"linear",0.00962104428119478,0.951318790954673,-0.000323880793003967,-1.22804701608994e-05,0.94,5,5,1,1105886.5
"stepwise",0.00962104428119478,0.951318790954673,-0.000323880793003967,-1.22804701608994e-05,0.94,5,5,1,6514515.9
"two_step_LASSO",0.00962104428119478,0.951318790954673,-0.000323880793003967,-1.22804701608994e-05,0.94,5,5,1,1082110.1
"two_step_least_angle",0.00962104428119478,0.951318790954673,-0.000323880793003967,-1.22804701608994e-05,0.94,5,5,1,1102996
"two_step_inf_fwd_stage",0.00962104428119478,0.951318790954673,-0.000323880793003967,-1.22804701608994e-05,0.94,5,5,1,1237204.05
