"","mse","r_squared_X","r_squared_Y","causal_effect_bias","avg_abs_param_bias","coverage","open_paths","blocked_paths","benchmark"
"linear",0.995644239616842,NA,0.594882884389326,-0.0081612741592589,0.0134916365717759,1,5,5,2286314.2
"stepwise",0.995717478526764,NA,0.594843954766266,-0.00816940924325272,0.0128386967567515,1,5,5,39186376.2
"two_step_LASSO",0.995957065876655,NA,0.594988821898514,-0.00813230391919021,0.0116117862331126,1,5,5,2449796.3
"two_step_least_angle",0.995957065876655,NA,0.594988821898514,-0.00813230391919021,0.0116117862331126,1,5,5,2342034.55
"two_step_inf_fwd_stage",0.995957065876655,NA,0.594988821898514,-0.00813230391919021,0.0116117862331126,1,5,5,2455497.6
