"","mse","r_squared","avg_abs_param_bias","causal_effect_bias","coverage","open_paths","blocked_paths","z_inclusion","benchmark"
"linear",0.00924252006869163,0.946179718478939,0.0275673161972522,0.0339031853000188,0.9,5,5,1,493587.1
"stepwise",0.00927254483270875,0.946197173890743,0.026986880114461,0.0340879157971453,0.9,5,5,1,5541711.3
"two_step_LASSO",0.00929100059313206,0.946246395795442,0.0265146868444781,0.0332318193147805,0.95,5,5,1,525289.7
"two_step_least_angle",0.00929100059313206,0.946246395795442,0.0265146868444781,0.0332318193147805,0.95,5,5,1,507770.5
"two_step_inf_fwd_stage",0.00929100059313206,0.946246395795442,0.0265146868444781,0.0332318193147805,0.95,5,5,1,587791
