"","mse","r_squared","param_bias","causal_effect_bias","coverage","open_paths","blocked_paths","z_inclusion","benchmark"
"linear",0.0096805602493358,0.99945489315891,0.0366990191135885,-0.00715070480974315,1,5,5,1,764235.2
"stepwise",0.0097022844346458,0.999458828274656,0.0357571037188082,-0.00679002523970451,1,5,5,1,6113292.4
"LASSO",0.0101298773421714,0.999454669014382,0.932286030726187,-0.00373034800170348,NA,5,5,1,993772.5
"least_angle",0.0101298773421714,0.999454669014382,0.932286030726187,-0.00373034800170334,NA,5,5,1,727572.2
"inf_fwd_stage",0.0101259593254911,0.99945489315891,0.946062335065535,-0.00715070480971233,NA,5,5,1,671638.56
