"","intercept","X","Z1","Z2","Z3","Z4","Z5","Z6","Z7"
"true_values",1,0.572602362037587,0.25,0.25,0.25,0.25,0.25,0.25,NA
"linear",0.999026269789498,0.574413283421074,0.246254366655172,0.24780605068143,0.243812700066307,0.25623331319461,0.246338859299068,0.251872744173534,-0.000612368071153167
"stepwise",0.999025495649427,0.574428301570847,0.246235868295507,0.247845952020815,0.243826267671663,0.256240104956641,0.246297756951906,0.251821510822563,NA
"two_step_LASSO",0.999075266930142,0.574390384653024,0.24626642567214,0.247798912697518,0.243845854525444,0.256196707707418,0.246303109941739,0.251859739465429,NA
"two_step_least_angle",0.999075266930142,0.574390384653024,0.24626642567214,0.247798912697518,0.243845854525444,0.256196707707418,0.246303109941739,0.251859739465429,NA
"two_step_inf_fwd_stage",0.999075266930142,0.574390384653024,0.24626642567214,0.247798912697518,0.243845854525444,0.256196707707418,0.246303109941739,0.251859739465429,NA
