"","mse","r_squared_X","r_squared_Y","causal_effect_bias","avg_abs_param_bias","coverage","open_paths","blocked_paths","benchmark"
"linear",0.995627076667598,NA,0.559084010050304,0.0018109213834871,0.0109731697745585,0.9,6,6,2623250.7
"stepwise",0.995666311795183,NA,0.559099530281296,0.00182593953326005,0.0104723281135342,0.9,6,6,46580179.2
"two_step_LASSO",0.995685385389726,NA,0.559070529124997,0.00178802261543745,0.0104259025163435,0.9,6,6,2613357.35
"two_step_least_angle",0.995685385389726,NA,0.559070529124997,0.00178802261543745,0.0104259025163435,0.9,6,6,2622893.05
"two_step_inf_fwd_stage",0.995685385389726,NA,0.559070529124997,0.00178802261543745,0.0104259025163435,0.9,6,6,2747233.25
