"","pred_mse","r_squared_X","r_squared_Y","model_SE","emp_SE","causal_effect_est","causal_effect_mcse","causal_effect_bias","avg_abs_param_bias","coverage","open_paths","blocked_paths"
"linear",0.992841917687996,0.40357147743547,0.602865865264037,0.0100290028653839,0.00967110573681737,0.535074009605051,0.000305895881079837,0.000227086770098052,0.00808367681874341,0.955,16,16
"stepwise",0.99423381371383,0.40357147743547,0.602309137172018,0.00884890681014651,0.00905369698372244,0.53511941813602,0.000286316525084561,0.000272495301066944,0.00558463423763377,0.951,16,16
"stepwise_X",1.27519616361895,0.40357147743547,0.489945613345171,0.0113411081720455,0.0103245993664059,0.534921798889469,0.000326647277804891,7.4876054515955e-05,0.0343509343742872,0.964,16,16
"two_step_LASSO",0.99298467703279,0.40357147743547,0.602808772132009,0.00941569675934126,0.00955474791451982,0.535567627162106,0.000301437651331888,0.000720704327152715,0.0075290608246311,0.946,16,16
"two_step_LASSO_X",1.12960310416023,0.40357147743547,0.548165160356933,0.0106864244605742,0.00975745433348137,0.535073397133018,0.000308629027051295,0.000226474298064455,0.0210000260115537,0.969,16,16
