"","intercept","X","Z_LL","Z_LH","Z_HL","Z_HH","Z_dummy"
"true_values",1,0.534846922834953,0,0.144337567297406,0,0.144337567297406,NA
"linear",0.999902580881594,0.535074009605051,8.59212761877911e-05,0.144374111520367,5.6063588668491e-05,0.144277890132546,-0.000102892158024379
"stepwise",0.999853476045782,0.53511941813602,0.000108682187393252,0.144373563539879,2.11171192028209e-05,0.144275243807029,0.000120549489436139
"stepwise_X",1.00023249003119,0.534921798889469,5.25799224506167e-05,0.022899361129083,0.000165075387206845,0.144345543993714,-0.000215749602241914
"two_step_LASSO",0.999402938302765,0.535567627162106,9.72953254362963e-05,0.144367906645295,-0.000228615800434467,0.144201383165348,3.22841392905298e-05
"two_step_LASSO_X",1.00017744422398,0.535073397133018,0.000109645463531879,0.0853600319822296,8.75153819596189e-05,0.144273900740112,-0.000418029003510562
