"","pred_mse","r_squared_X","r_squared_Y","causal_effect_est","causal_effect_mcse","causal_effect_bias","avg_abs_param_bias","coverage","open_paths","blocked_paths"
"linear",0.991265170843575,0.402494009713797,0.603181522026646,0.535311865279645,0.000990602966301338,0.000464942444692208,0.00810756986561812,0.94,16,16
"stepwise",0.992671010307467,0.402494009713797,0.602618651683082,0.535399343515872,0.000912698182056306,0.000552420680919107,0.00557535899436308,0.93,16,16
"stepwise_X",1.27772873559989,0.402494009713797,0.48851778191137,0.535509762686902,0.000995990913859232,0.000662839851949146,0.0345406891589152,0.98,16,16
"two_step_LASSO",0.991408332612343,0.402494009713797,0.603124236430311,0.535680480748747,0.000965166261605975,0.000833557913793973,0.00754782910662658,0.95,16,16
"two_step_LASSO_X",1.13077863359338,0.402494009713797,0.547293956273109,0.535248409563876,0.000966560863035549,0.000401486728922377,0.0211240278966546,0.96,16,16
