"","X","Z_LL","Z_LH","Z_HL","Z_HH","Z_dummy"
"linear",0,0,0,0,0,0
"stepwise",0,0.0001418625,0,0.000191329166666667,0,0
"stepwise_X",0,0.000151266666666667,0.000100116666666667,0,0,0
"two_step_LASSO",0,0.000181495833333334,0,0.000224516666666667,0,0
"two_step_LASSO_X",0,0.000407295833333333,0.000139095833333334,0,0,0
