"","intercept","X","Z_LL","Z_LH","Z_HL","Z_HH","Z_dummy"
"true_values",1,0.534846922834953,0,0.144337567297406,0,0.144337567297406,NA
"linear",1.00173824083438,0.535311865279645,0.000117506914046319,0.144768792170015,-0.000224966762663019,0.144113821417661,-0.00140724330078064
"stepwise",1.00163261911922,0.535399343515872,NA,0.14476821784159,NA,0.144086153782041,NA
"stepwise_X",1.00058708316486,0.535509762686902,NA,NA,-0.000201255503985652,0.144072165545698,NA
"two_step_LASSO",1.00135318997848,0.535680480748747,NA,0.144758926169253,NA,0.14405366616113,NA
"two_step_LASSO_X",1.00160548852231,0.535248409563876,NA,NA,-9.43395620683776e-05,0.144076692558965,NA
