"","intercept","X","Z_LL","Z_LH","Z_HL","Z_HH","Z_dummy"
"true_values",1,0.534846922834953,0,0.408248290463863,0,0.408248290463863,NA
"linear",1.00067941637748,0.53635165422037,0.00286910374626588,0.410719872741535,0.00556215118085875,0.404910197191602,0.00399471894544633
"stepwise",0.998561873914458,0.53840104272493,0.0015505558262518,0.410677503640285,0.00230699726027866,0.40402914926643,0
"stepwise_X",1.00219588281055,0.537552037122104,-0.000527523309955329,0.0813480123760741,0.00504203089056668,0.403380499198166,-0.000316210231778208
"two_step_LASSO",0.999833697968814,0.537152231408565,0.00297840253412563,0.410706599760226,0.00427051095758879,0.404595714753859,0.00379242480651295
"two_step_LASSO_X",1.00221425143671,0.537049181668647,0.00323199375041927,0.183605848000338,0.00580508923523358,0.403224429432194,0.000321277796309705
