"","intercept","X","Z1","Z2","Z3","Z4","Z5","Z6","Z7","Z8","Z9"
"true_values",1,0.534846922834953,0,0,0.408248290463863,0.408248290463863,0,0,0.408248290463863,0.408248290463863,NA
"linear",1.00067941637748,0.53635165422037,0.00345113100325821,0.00228707648927355,0.410023794041168,0.411415951441901,0.0039559534052908,0.00716834895642671,0.408989328418104,0.4008310659651,0.00399471894544633
"stepwise",0.998561873914458,0.53840104272493,0,0.00310111165250359,0.409936593964988,0.411418413315582,0.000950794821754877,0.00366319969880244,0.408094623741375,0.399963674791484,0
"stepwise_X",1.00219588281055,0.537552037122104,0.000486506690015125,-0.00154155330992578,0.0400957425192248,0.122600282232924,0.00357804100969144,0.00650602077144193,0.40736604757608,0.399394950820251,-0.000316210231778208
"two_step_LASSO",0.999833697968814,0.537152231408565,0.00377277169108332,0.00218403337716794,0.410011156130415,0.411402043390037,0.002332408188755,0.00620861372642258,0.408687662736919,0.400503766770799,0.00379242480651295
"two_step_LASSO_X",1.00221425143671,0.537049181668647,0.00301997122127428,0.00344401627956427,0.162904888605552,0.204306807395123,0.0033275041414209,0.00828267432904625,0.406875179093699,0.399573679770689,0.000321277796309705
