"","intercept","X","Z1","Z2","Z3","Z4","Z5","Z6","Z7","Z8","Z9"
"true_values",1,0.412403840463596,0.288675134594813,0.288675134594813,0.288675134594813,0.288675134594813,0.288675134594813,0.288675134594813,0.288675134594813,0.288675134594813,NA
"linear",0.98013605348776,0.418649505986158,0.286228704760157,0.284740813735344,0.284976008817951,0.288213604538423,0.292150930621379,0.283074490842347,0.282859473123256,0.286856786417759,-0.000968321758478048
"stepwise",0.980122717050011,0.418609728542893,0.286190643163862,0.284792443114657,0.285014726316521,0.288203059577832,0.292150561006775,0.283148189745584,0.282825136958084,0.286855061035125,NA
"two_step_LASSO",0.980165466236174,0.418627633903143,0.286144707553892,0.284786245071128,0.285025784029767,0.288218298642311,0.292108619843605,0.283101234810922,0.282808615235081,0.286783886415441,NA
"two_step_least_angle",0.980165466236174,0.418627633903143,0.286144707553892,0.284786245071128,0.285025784029767,0.288218298642311,0.292108619843605,0.283101234810922,0.282808615235081,0.286783886415441,NA
"two_step_inf_fwd_stage",0.980165466236174,0.418627633903143,0.286144707553892,0.284786245071128,0.285025784029767,0.288218298642311,0.292108619843605,0.283101234810922,0.282808615235081,0.286783886415441,NA
