"","intercept","X","Z1","Z2","Z3","Z4","Z5","Z6","Z7","Z8","Z9"
"true_values",1,0.534846922834953,0,0,0.408248290463863,0.408248290463863,0,0,0.408248290463863,0.408248290463863,NA
"linear",1.00067941637748,0.536351654220371,0.00345113100325821,0.00228707648927355,0.410023794041169,0.411415951441902,0.00395595340529072,0.0071683489564267,0.408989328418105,0.400831065965099,0.00399471894544636
"stepwise",0.99856187391446,0.53840104272493,0,0.0031011116525036,0.409936593964989,0.411418413315582,0.000950794821755044,0.00366319969880242,0.408094623741377,0.399963674791484,0
"stepwise_X",1.00219588281055,0.537552037122105,0.000486506690015111,-0.00154155330992577,0.0400957425192249,0.122600282232923,0.00357804100969125,0.00650602077144179,0.40736604757608,0.399394950820251,-0.000316210231778209
"two_step_LASSO",0.999833697968815,0.537152231408565,0.00377277169108335,0.00218403337716794,0.410011156130416,0.411402043390037,0.00233240818875502,0.00620861372642248,0.408687662736919,0.400503766770799,0.00379242480651297
"two_step_LASSO_X",1.00221425143671,0.537049181668648,0.00301997122127427,0.0034440162795643,0.162904888605551,0.204306807395123,0.00332750414142075,0.00828267432904603,0.406875179093698,0.399573679770689,0.000321277796309698
