"","intercept","X","Z_LL","Z_LH","Z_HL","Z_HH","Z_dummy"
"true_values",1,0.534846922834953,0,0.408248290463863,0,0.408248290463863,NA
"linear",1.00067941637748,0.536351654220371,0.00286910374626588,0.410719872741535,0.00556215118085871,0.404910197191602,0.00399471894544636
"stepwise",0.99856187391446,0.53840104272493,0.0015505558262518,0.410677503640286,0.00230699726027873,0.404029149266431,0
"stepwise_X",1.00219588281055,0.537552037122105,-0.000527523309955329,0.081348012376074,0.00504203089056652,0.403380499198166,-0.000316210231778209
"two_step_LASSO",0.999833697968815,0.537152231408565,0.00297840253412564,0.410706599760227,0.00427051095758875,0.404595714753859,0.00379242480651297
"two_step_LASSO_X",1.00221425143671,0.537049181668648,0.00323199375041929,0.183605848000337,0.00580508923523339,0.403224429432194,0.000321277796309698
