"","intercept","X","Z1","Z2","Z3","Z4","Z5","Z6","Z7","Z8","Z9"
"true_values",1,0.534846922834953,0,0,0.408248290463863,0.408248290463863,0,0,0.408248290463863,0.408248290463863,NA
"linear",1.00029421929693,0.538386594348472,-0.00149517259770725,0.00250424882817539,0.401087561221389,0.406064492441715,0.000726394443664493,0.00416351594136397,0.398478130627491,0.405972558078705,0.00926586946956999
"stepwise",0.997887130394362,0.541099796898311,NA,NA,0.401056420067823,0.405835477821366,NA,NA,0.397462529047072,0.405334788236085,NA
"stepwise_X",0.999652236628131,0.54068736533389,NA,NA,NA,NA,-0.000603685166887684,0.00193309977084631,0.399924831784439,0.41101136762474,NA
"two_step_LASSO",1.00156438940845,0.537923959637959,NA,NA,0.401651521340078,0.40583701832124,NA,NA,0.39877435096728,0.406095315792068,NA
"two_step_LASSO_X",1.00198541186781,0.537631079561093,NA,NA,0.40161544834719,0.405945240094203,NA,NA,0.398897282035302,0.406290281017136,NA
