"","intercept","X","Z_LL","Z_LH","Z_HL","Z_HH","Z_dummy"
"true_values",1,0.534846922834953,0,0.408248290463863,0,0.408248290463863,NA
"linear",0.999296424447168,0.535705261646538,0.000733568298292404,0.408606755265324,-0.000388072590416179,0.407144246691135,-0.000429522639599009
"stepwise",0.998758569733283,0.536241660248555,0.000152542219269249,0.408600411834914,-0.00128009198172061,0.406928502968035,-0.000687099445056692
"stepwise_X",1.00033693270107,0.535273474505922,0.000401195986592231,0.0491889234526152,-0.000405528397676945,0.407690536468981,-0.000492378793100632
"two_step_LASSO",0.999080134804971,0.535930455416322,0.000700752795436495,0.408604881600197,-0.000766723448241985,0.40705397209552,-8.34964147113388e-05
"two_step_LASSO_X",0.999692767323583,0.535496270781625,0.000537264157972552,0.188258355935394,-0.000389162478995591,0.407592667036809,-0.000701499376636158
