"","intercept","X","Z1","Z2","Z3","Z4","Z5","Z6","Z7","Z8","Z9"
"true_values",1,0.534846922834953,0,0,0.408248290463863,0.408248290463863,0,0,0.408248290463863,0.408248290463863,NA
"linear",1.00015440509051,0.534576691764728,-0.000125102536896095,-0.000181600411592135,0.408220328760085,0.408746948954804,-6.56834082278763e-05,9.70807158074531e-05,0.408086013502105,0.408512370888873,0.000241408235915148
"stepwise",1.0002627054895,0.534480431819932,-4.75866380271493e-05,-0.000273271322571279,0.408220527861836,0.408746400136862,0.000341808095521807,-6.63934871741965e-06,0.408127538894746,0.40854913816611,0.000182093591144324
"stepwise_X",0.999948692052647,0.534519785228914,-6.73655044814694e-05,0.000115018318840713,0.0624306723559822,0.0603917335932076,-0.000150933587951599,0.000332019419051583,0.4078024331204,0.408373536926981,-6.07721477179858e-06
"two_step_LASSO",1.00045905469413,0.534278351896217,-0.000144345817731347,-4.89971730906463e-05,0.408224009649534,0.408745852660033,0.000555787758224774,0.000444493749617233,0.408206818770879,0.408632107057994,0.000273996689851609
"two_step_LASSO_X",1.00018714617869,0.534426540626826,5.47832348724668e-05,-7.53181060824036e-05,0.173962886374127,0.182398951043137,3.4030051522313e-05,0.000300820864566966,0.407958460880708,0.408546055054332,0.000186144763586088
