"","intercept","X","Z_LL","Z_LH","Z_HL","Z_HH","Z_dummy"
"true_values",1,0.534846922834953,0,0.408248290463863,0,0.408248290463863,NA
"linear",1.00015440509051,0.534576691764728,-0.000153351474244115,0.408483638857445,1.56986537897884e-05,0.408299192195489,0.000241408235915148
"stepwise",1.0002627054895,0.534480431819932,-0.000160428980299214,0.408483463999349,0.000167584373402194,0.408338338530428,0.000182093591144324
"stepwise_X",0.999948692052647,0.534519785228914,2.38264071796217e-05,0.0614112029745949,9.0542915549992e-05,0.40808798502369,-6.07721477179858e-06
"two_step_LASSO",1.00045905469413,0.534278351896217,-9.66714954109966e-05,0.408484931154783,0.000500140753921003,0.408419462914437,0.000273996689851609
"two_step_LASSO_X",1.00018714617869,0.534426540626826,-1.02674356049684e-05,0.178180918708632,0.000167425458044639,0.40825225796752,0.000186144763586088
