"","intercept","X","Z1","Z2","Z3","Z4","Z5","Z6","Z7","Z8","Z9"
"true_values",1,0.449003050172629,0.144337567297406,0.144337567297406,0.381881307912987,0.381881307912987,0.144337567297406,0.144337567297406,0.381881307912987,0.381881307912987,NA
"linear",1.0001061153844,0.448624592111082,0.14287674037708,0.14576276262902,0.383919003936926,0.381241522224129,0.144068606069345,0.145297430758727,0.382273434452527,0.380405267998711,0.000716059327865816
"stepwise",0.997640156210866,0.451180238992784,NA,NA,0.383614589180145,0.380809613775642,NA,NA,0.381360700015428,0.379316304486647,NA
"stepwise_X",0.998506798571777,0.450385830912714,NA,NA,NA,NA,0.143598206021492,0.144804027168487,0.381609737835726,0.379787642485818,NA
"two_step_LASSO",0.999934125015639,0.448830454736319,NA,NA,0.38386252340359,0.381146800537348,NA,NA,0.38216547550539,0.380317096205713,NA
"two_step_LASSO_X",0.999934125015639,0.448830454736319,NA,NA,0.38386252340359,0.381146800537348,NA,NA,0.38216547550539,0.380317096205713,NA
