"","intercept","X","Z1","Z2","Z3","Z4","Z5","Z6","Z7","Z8","Z9"
"true_values",1,0.449003050172629,0.144337567297406,0.144337567297406,0.381881307912987,0.381881307912987,0.144337567297406,0.144337567297406,0.381881307912987,0.381881307912987,NA
"linear",0.999168598164846,0.448833106016697,0.144498328650011,0.144852600581779,0.382445051249827,0.382028780571832,0.144797481945273,0.145509544218606,0.38130312675758,0.383326350596999,0.000226272897036081
"stepwise",0.999159493497239,0.448826836277495,0.144497456381401,0.144852216074487,0.382454852492806,0.38203239102815,0.144810670922686,0.145507941809428,0.381294930818096,0.38332604328851,NA
"two_step_LASSO",0.999168516507807,0.448825579435132,0.144494985601491,0.144849701717332,0.382452726158224,0.382034622049764,0.144815726160512,0.145513703446487,0.381300320070235,0.38332717190545,NA
"iv_2sls",0.999168598164846,0.448833106016697,0.144498328650011,0.144852600581779,0.382445051249827,0.382028780571832,0.144797481945273,0.145509544218606,0.38130312675758,0.383326350596999,0.000226272897036081
"prop_score_based",0.999167241221942,0.448831201861971,0.144498391822263,0.144856616136926,0.382446206406659,0.382033053373985,0.144805150318112,0.145504813931847,0.381302805072588,0.383320520116717,NA
