"","intercept","X","Z1","Z2","Z3","Z4","Z5","Z6","Z7","Z8","Z9"
"true_values",1,0.264580418759451,0.253590220631632,0.253590220631632,0.307896086366813,0.307896086366813,0.381051177665153,0.381051177665153,0.419156295431668,0.419156295431668,NA
"linear",1.00554067829433,0.265877155877527,0.245709529736923,0.250878137843405,0.303225181098643,0.301030329586291,0.380929580309666,0.386977484588338,0.428937766315549,0.417180054145365,0.000795733443002715
"stepwise",1.00561619731978,0.26583947429222,0.245711556081292,0.250862836584953,0.303273095745516,0.30107929883355,0.38087297606461,0.386938212160823,0.429019646152949,0.417183698024092,NA
"two_step_LASSO",1.00557495251805,0.265887313783792,0.245754394631213,0.250918279317092,0.303217869099913,0.30102019245894,0.380920227585012,0.386989067963019,0.428958787895078,0.417185115159995,NA
"two_step_least_angle",1.00557495251805,0.265887313783792,0.245754394631213,0.250918279317092,0.303217869099913,0.30102019245894,0.380920227585012,0.386989067963019,0.428958787895078,0.417185115159995,NA
"two_step_inf_fwd_stage",1.00557495251805,0.265887313783792,0.245754394631213,0.250918279317092,0.303217869099913,0.30102019245894,0.380920227585012,0.386989067963019,0.428958787895078,0.417185115159995,NA
