"","intercept","X","Z_LL","Z_LH","Z_HL","Z_HH","Z_dummy"
"true_values",1,0.534846922834953,0,0.408248290463863,0,0.408248290463863,NA
"linear",0.999168598164846,0.534676978679021,0.000313367992444996,0.408579369135663,0.000820426699127198,0.40868620214276,0.000226272897036096
"stepwise",0.999186628532709,0.534648216544004,NA,0.40856424413919,NA,0.408687592561057,NA
"stepwise_X",0.998687902131714,0.534901378722022,NA,NA,0.000558446005880837,0.40873133294716,NA
"two_step_LASSO",0.99957537124298,0.534282723116628,NA,0.408566929229487,NA,0.408841413820044,NA
"two_step_LASSO_X",0.999028593339081,0.534683305875253,NA,NA,0.000674586132605432,0.408731696922157,NA
