"","intercept","X","Z1","Z2","Z3","Z4","Z5","Z6","Z7","Z8","Z9"
"true_values",1,0.533818875234406,0.00144337567297406,0.00144337567297406,0.408245738904074,0.408245738904074,0.00144337567297406,0.00144337567297406,0.408245738904074,0.408245738904074,NA
"linear",0.999652490824034,0.534377644362413,0.00100014578904265,0.00209657589727714,0.409578103897258,0.408843567586885,0.00136811053855665,0.00125562735837626,0.409027720440317,0.407966493899203,-0.00021487676795882
"stepwise",0.999241030854061,0.534836051566596,NA,NA,0.409579490009261,0.408796587163653,NA,NA,0.408815797324058,0.407780584724732,NA
"stepwise_X",0.99941253308462,0.534864590965648,NA,NA,NA,NA,0.000500149673196532,0.000545194641969513,0.408878556525501,0.407405053053836,NA
"two_step_LASSO",1.00035256733309,0.533718633039138,NA,NA,0.409580910109147,0.408776500710312,NA,NA,0.409201320043064,0.408235934439756,NA
"two_step_LASSO_X",1.00014603900927,0.533922981888729,NA,NA,0.40959256200997,0.408767284094635,NA,NA,0.409144549911078,0.408168807001117,NA
