"","intercept","X","Z1","Z2","Z3","Z4","Z5","Z6","Z7","Z8","Z9"
"true_values",1,0.605535725226796,0.288675134594813,0.288675134594813,0.346944333244355,0.346944333244355,0.0962250448649376,0.0962250448649376,0.0962250448649376,0.0962250448649376,NA
"linear",1.00554067829433,0.606832462344873,0.280694141147904,0.285862749254387,0.342481366291905,0.340286514779553,0.0960653212529304,0.102113225531602,0.106009566426128,0.0942518542559441,0.000795733443002741
"stepwise",1.00561619731978,0.606794780759566,0.28069908216104,0.285850362664701,0.342523238507145,0.340329441595179,0.0960098249099825,0.102075061006196,0.106091357614599,0.0942554094857417,NA
"two_step_LASSO",1.00557495251805,0.606842620251137,0.280738220328645,0.285902105014525,0.34247568316451,0.340278006523537,0.0960556698687141,0.102124510246721,0.106030611902941,0.0942569391678575,NA
"two_step_least_angle",1.00557495251805,0.606842620251137,0.280738220328645,0.285902105014525,0.34247568316451,0.340278006523537,0.0960556698687141,0.102124510246721,0.106030611902941,0.0942569391678575,NA
"two_step_inf_fwd_stage",1.00557495251805,0.606842620251137,0.280738220328645,0.285902105014525,0.34247568316451,0.340278006523537,0.0960556698687141,0.102124510246721,0.106030611902941,0.0942569391678575,NA
