"","intercept","X","Z1","Z2","Z3","Z4","Z5","Z6","Z7","Z8","Z9"
"true_values",1,0.534846922834953,0,0,0.408248290463863,0.408248290463863,0,0,0.408248290463863,0.408248290463863,NA
"linear",0.999296424447168,0.535705261646538,-0.001161160760469,0.00262829735705381,0.409474910798089,0.40773859973256,0.000334668279728784,-0.00111081346056114,0.407931345926497,0.406357147455773,-0.000429522639599009
"stepwise",0.998758569733283,0.536241660248555,-0.00105919399345608,0.00136427843199458,0.409468529126618,0.40773229454321,-0.00119031254992762,-0.0013698714135136,0.407726411944109,0.40613059399196,-0.000687099445056692
"stepwise_X",1.00033693270107,0.535273474505922,0.000307304312765159,0.000495087660419304,0.0533527872949163,0.0450250596103141,0.000645206783766797,-0.00145626357912069,0.408151959625308,0.407229113312655,-0.000492378793100632
"two_step_LASSO",0.999080134804971,0.535930455416322,-0.000900063277629806,0.0023015688685028,0.409479449576983,0.407730313623411,-0.000518782858282186,-0.00101466403820178,0.407838437558191,0.406269506632849,-8.34964147113388e-05
"two_step_LASSO_X",0.999692767323583,0.535496270781625,-0.000495726257034283,0.00157025457297939,0.193126059918522,0.183390651952267,0.000341958837739615,-0.0011202837957308,0.408425180435501,0.406760153638118,-0.000701499376636158
