"","intercept","X","Z1","Z2","Z3","Z4","Z5","Z6","Z7","Z8","Z9"
"true_values",1,0.534846922834953,0,0,0.408248290463863,0.408248290463863,0,0,0.408248290463863,0.408248290463863,NA
"linear",0.999168598164846,0.534676978679021,0.000136232026560794,0.000490503958329198,0.40878750447466,0.408371233796665,0.0004643955624606,0.0011764578357938,0.40767459022305,0.40969781406247,0.000226272897036096
"stepwise",0.999186628532709,0.534648216544004,NA,NA,0.408794197776503,0.408334290501877,NA,NA,0.407682542359994,0.409692642762121,NA
"stepwise_X",0.998687902131714,0.534901378722022,NA,NA,NA,NA,-9.82100539106911e-05,0.00121510206567236,0.407489118783652,0.409973547110668,NA
"two_step_LASSO",0.99957537124298,0.534282723116628,NA,NA,0.40878337516404,0.408350483294934,NA,NA,0.407834462840031,0.409848364800057,NA
"two_step_LASSO_X",0.999028593339081,0.534683305875253,NA,NA,NA,NA,5.89507422864432e-05,0.00129022152292442,0.407256066578988,0.410207327265325,NA
