"","intercept","X","Z1","Z2","Z3","Z4","Z5","Z6","Z7","Z8","Z9"
"true_values",1,0.534846922834953,0,0,0.408248290463863,0.408248290463863,0,0,0.408248290463863,0.408248290463863,NA
"linear",1.00310791948684,0.535436988286566,0.00654702260932737,0.00947537890671442,0.407773068792496,0.412544056017874,0.00140933921923989,0.0054781014124478,0.408169672265098,0.405632748282232,0.00423556392644968
"stepwise",1.00130746206937,0.53743690626129,NA,NA,0.407865226747816,0.412281976104523,NA,NA,0.407405351789612,0.404891121394627,NA
"stepwise_X",1.00135301221334,0.537177558998431,NA,NA,NA,NA,-0.00064927934936764,0.007668045884858,0.409473667492387,0.404298146117683,NA
"two_step_LASSO",1.0037407709779,0.534900536634205,NA,NA,0.407709374937671,0.412513295070034,NA,NA,0.408479674214699,0.405802671427508,NA
"two_step_LASSO_X",1.0028302706317,0.536291889992198,NA,NA,NA,NA,0.000310747918785135,0.00717112597194699,0.4104437584865,0.405478113777429,NA
