"","intercept","X","Z1","Z2","Z3","Z4","Z5","Z6","Z7","Z8","Z9"
"true_values",1,0.449003050172629,0.144337567297406,0.144337567297406,0.381881307912987,0.381881307912987,0.144337567297406,0.144337567297406,0.381881307912987,0.381881307912987,NA
"linear",1.01769961287826,0.425246071535915,0.162670743416598,0.146211760353415,0.399438592864796,0.379792912615305,0.142470881555989,0.143189788923542,0.40531201797418,0.385921708670408,-0.0188299432088265
"stepwise",1.01804555934354,0.424942670866242,0.163286127264885,0.14645772804876,0.398574042120618,0.380696461455803,0.142919831927266,0.14328705786309,0.405831373279437,0.386183152369942,NA
"stepwise_X",1.01750704475406,0.425282530796068,0.163042666482672,0.146117584431939,0.398713021359732,0.380442705883091,0.142504267452822,0.143164181040183,0.405534123785789,0.386047317132422,NA
"two_step_LASSO",1.01743392487947,0.425979866610709,0.162671450351097,0.146385640850311,0.399465974021995,0.380979068977805,0.142114761089303,0.143196162010919,0.405890116917951,0.385391076017612,NA
"two_step_LASSO_X",1.01743392487947,0.425979866610709,0.162671450351097,0.146385640850311,0.399465974021995,0.380979068977805,0.142114761089303,0.143196162010919,0.405890116917951,0.385391076017612,NA
