"","mse","r_squared_X","r_squared_Y","causal_effect_bias","avg_abs_param_bias","coverage","open_paths","blocked_paths"
"linear",0.998065950378504,0.392351364077084,0.59565305780784,0.00624566552256191,0.0128619591137766,1,8,8
"stepwise",0.998143783499333,0.392351364077084,0.595689710995934,0.00620588807929683,0.0123054488546249,1,8,8
"two_step_LASSO",0.998208011579949,0.392351364077084,0.59568735106346,0.00622379343954768,0.0121827556899211,1,8,8
"two_step_least_angle",0.998208011579949,0.392351364077084,0.59568735106346,0.00622379343954768,0.0121827556899211,1,8,8
"two_step_inf_fwd_stage",0.998208011579949,0.392351364077084,0.59568735106346,0.00622379343954768,0.0121827556899211,1,8,8
