"","mse","r_squared_X","r_squared_Y","causal_effect_bias","avg_abs_param_bias","coverage","open_paths","blocked_paths"
"linear",0.987148148239554,0.401929480736894,0.597285946266354,0.00129673711807577,0.0124511367500222,1,8,8
"stepwise",0.987268657635283,0.401929480736894,0.597366873843011,0.00125905553276916,0.0116906942566467,1,8,8
"two_step_LASSO",0.987249808091213,0.401929480736894,0.597308634673587,0.00130689502434029,0.0119038285443621,1,8,8
"two_step_least_angle",0.987249808091213,0.401929480736894,0.597308634673587,0.00130689502434029,0.0119038285443621,1,8,8
"two_step_inf_fwd_stage",0.987249808091213,0.401929480736894,0.597308634673587,0.00130689502434029,0.0119038285443621,1,8,8
