"","pred_mse","r_squared_X","r_squared_Y","model_SE","emp_SE","causal_effect_est","causal_effect_mcse","causal_effect_bias","avg_abs_param_bias","coverage","open_paths","blocked_paths"
"linear",0.999130782151529,0.401720508063901,0.600490782360005,0.0100214739334268,0.00972741338365075,0.535705261646538,0.000973828359075125,0.00085833881158411,0.00846095941563525,0.95,2,2
"stepwise",0.999333870245256,0.401720508063901,0.600409570327527,0.00889629526966324,0.00935020200292949,0.536241660248555,0.000929217032431314,0.00139473741360205,0.00614323424584229,0.96,2,2
"stepwise_X",1.29349004727143,0.401720508063901,0.482785672405627,0.011393624808558,0.011085945968559,0.535273474505922,0.00111335443497423,0.000426551670968539,0.0714613298265625,0.96,2,2
"two_step_LASSO",0.999182714562608,0.401720508063901,0.600469994923501,0.00929664203641545,0.00961924729899481,0.535930455416322,0.000960617834354603,0.00108353258136814,0.0074718474491718,0.95,2,2
"two_step_LASSO_X",1.17925200928091,0.401720508063901,0.528393492618023,0.010870777489691,0.0103351905330506,0.535496270781625,0.00103667353889669,0.000649347946672031,0.0471938843155478,0.97,2,2
