"","mse","r_squared_X","r_squared_Y","causal_effect_bias","avg_abs_param_bias","coverage","open_paths","blocked_paths"
"linear",0.977201197955443,0.409607858435999,0.607514020394909,-0.00037845806154739,0.0385613263569365,0.958,8,8
"stepwise",0.978483994788913,0.409607858435999,0.606996824699972,0.00217718882015497,0.0377238908038832,0.943,8,7.785
"stepwise_X",0.990875869966988,0.409607858435999,0.601944740705478,0.00138278074008451,0.0387693707005864,0.958,8,7.861
"two_step_LASSO",0.978266686950192,0.409607858435999,0.607083284622306,-0.000172595436310511,0.0367793383056929,0.958,8,7.966
"two_step_LASSO_X",0.978266686950192,0.409607858435999,0.607083284622306,-0.000172595436310511,0.0367793383056929,0.958,8,7.966
