"","mse","r_squared_X","r_squared_Y","causal_effect_bias","avg_abs_param_bias","coverage","open_paths","blocked_paths"
"linear",0.987148148239554,0.401582552482089,0.598530543682758,0.00129673711807685,0.0125604262866911,1,8,8
"stepwise",0.987268657635283,0.401582552482089,0.598611024505732,0.00125905553277029,0.0117997081106501,1,8,8
"two_step_LASSO",0.987249808091213,0.401582552482089,0.598552967677252,0.00130689502434141,0.0120118762116508,1,8,8
"two_step_least_angle",0.987249808091213,0.401582552482089,0.598552967677252,0.00130689502434141,0.0120118762116508,1,8,8
"two_step_inf_fwd_stage",0.987249808091213,0.401582552482089,0.598552967677252,0.00130689502434141,0.0120118762116508,1,8,8
