"","mse","r_squared_X","r_squared_Y","causal_effect_bias","avg_abs_param_bias","coverage","open_paths","blocked_paths"
"linear",0.972481351096168,0.410228286631733,0.609695915609163,0.0035396715135188,0.0402909230378879,0.92,2,2
"stepwise",0.97695108484779,0.410228286631733,0.607905740127419,0.00625287406335787,0.0288885107784489,0.87,2,2
"stepwise_X",1.25627947020596,0.410228286631733,0.496295896739349,0.00584044249893686,0.0916386548908192,0.91,2,2
"two_step_LASSO",0.976349617489369,0.410228286631733,0.608139363989042,0.00307703680300541,0.0313386135098732,0.88,2,2
"two_step_LASSO_X",0.976579095449443,0.410228286631733,0.60804500995987,0.00278415672613999,0.0309068495836855,0.88,2,2
