"","mse","r_squared_X","r_squared_Y","causal_effect_bias","avg_abs_param_bias","coverage","open_paths","blocked_paths"
"linear",0.998810353492272,0.401256730965906,0.600724707462499,-0.000169944155932258,0.00824626385842209,0.97,8,8
"stepwise",0.998854172344956,0.401256730965906,0.600707207427746,-0.000176213895134339,0.00776018078644718,0.97,8,8
"two_step_LASSO",0.998869993794485,0.401256730965906,0.60070086044218,-0.000177470737497667,0.0076924430051324,0.97,8,8
"iv_2sls",0.998810353492272,0.401256730965906,0.600724707462499,-0.000169944155932258,0.00824626385842209,0.97,8,8
"prop_score_based",0.998821722422779,0.401256730965906,0.600720146502393,-0.000171848310658003,0.0081052341450479,0.97,8,8
