"","pred_mse","r_squared_X","r_squared_Y","causal_effect_est","causal_effect_mcse","causal_effect_bias","avg_abs_param_bias","coverage","open_paths","blocked_paths"
"linear",0.998810353492272,0.401151870912209,0.600542677401759,0.534676978679021,0.000895866128665459,-0.000169944155932772,0.00823027750630447,0.97,2,2
"stepwise",0.999029142186619,0.401151870912209,0.600455193123741,0.534648216544004,0.000806364224734527,-0.000198706290949312,0.00569558053414135,0.95,2,2
"stepwise_X",1.2743101920624,0.401151870912209,0.490278046911033,0.534901378722022,0.00100013800157862,5.44558870687206e-05,0.0669799955837922,0.97,2,2
"two_step_LASSO",0.998877259215551,0.401151870912209,0.600515977559828,0.534282723116628,0.000861045453127397,-0.000564199718325323,0.00708523201422574,0.97,2,2
"two_step_LASSO_X",1.18625502406883,0.401151870912209,0.525557773788782,0.534683305875253,0.000938990817925973,-0.000163616959700023,0.048095152580567,0.98,2,2
