"","pred_mse","r_squared_X","r_squared_Y","model_SE","emp_SE","causal_effect_est","causal_effect_mcse","causal_effect_bias","avg_abs_param_bias","coverage","open_paths","blocked_paths"
"linear",1.00053394929815,0.401472453125771,0.600690873624495,NA,NA,0.53635165422037,0.00288193420002296,0.00150473138541675,0.00847614997652295,1,2,2
"stepwise",1.00079214048694,0.401472453125771,0.600588092023076,NA,NA,0.53840104272493,0.00298622166399939,0.00355411988997685,0.00592614878845909,1,2,2
"stepwise_X",1.27165730288112,0.401472453125771,0.492611150162442,NA,NA,0.537552037122104,0.00334344923620392,0.00270511428715073,0.0655854526677149,1,2,2
"two_step_LASSO",1.0005887564576,0.401472453125771,0.600668950324,NA,NA,0.537152231408565,0.00296223394115072,0.00230530857361138,0.00772778979151526,1,2,2
"two_step_LASSO_X",1.1876382142254,0.401472453125771,0.526338526201525,NA,NA,0.537049181668647,0.00263647515056799,0.00220225883369382,0.0478161018974901,1,2,2
