"","mse","r_squared_X","r_squared_Y","causal_effect_bias","avg_abs_param_bias","coverage","open_paths","blocked_paths"
"linear",0.989203461620272,0.405083039360823,0.604000751976012,0.000558769128007482,0.0276231505089372,0.945,8,8
"stepwise",0.991357517104349,0.405083039360823,0.603138340319468,0.00101717633219071,0.0201772274490033,0.919,8,4.684
"stepwise_X",1.26972022824661,0.405083039360823,0.491789866012089,0.00104571573124268,0.0813020426312237,0.956,8,4.659
"two_step_LASSO",0.991195763811132,0.405083039360823,0.603200751468979,-0.000100242195267664,0.0214962166651241,0.92,8,5.348
"two_step_LASSO_X",0.991360877517134,0.405083039360823,0.603134803408162,0.000104106654322824,0.0211062172436556,0.917,8,5.221
