"","pred_mse","r_squared_X","r_squared_Y","causal_effect_est","causal_effect_mcse","causal_effect_bias","avg_abs_param_bias","coverage","open_paths","blocked_paths"
"linear",0.988296745403931,0.405161523867743,0.605177309232858,0.535436988286566,0.00309398448230055,0.000590065451612839,0.0263164066413197,0.95,2,2
"stepwise",0.990581489706271,0.405161523867743,0.604268962965441,0.53743690626129,0.00287813278650508,0.00258998342633713,0.0182920820264795,0.94,2,2
"stepwise_X",1.27819708918374,0.405161523867743,0.489838167026093,0.537177558998431,0.00330687656702418,0.00233063616347731,0.0812881875420005,0.96,2,2
"two_step_LASSO",0.988793740788276,0.405161523867743,0.60497702212847,0.534900536634205,0.00301743009541961,5.36137992512597e-05,0.023343785662157,0.94,2,2
"two_step_LASSO_X",1.18034538392619,0.405161523867743,0.528866609590913,0.536291889992198,0.0031598171759829,0.00144496715724424,0.0627302385003536,0.98,2,2
