"","mse","r_squared_X","r_squared_Y","causal_effect_bias","avg_abs_param_bias","coverage","open_paths","blocked_paths"
"linear",0.990278936551088,0.398884887241511,0.606922739638936,-0.0237569786367141,0.0351830535054443,1,8,8
"stepwise",0.991212503661496,0.398884887241511,0.606554745372927,-0.0240603793063875,0.0328020491742972,1,8,8
"stepwise_X",0.991029965249663,0.398884887241511,0.606627922747886,-0.0237205193765609,0.0332421950113138,1,8,8
"two_step_LASSO",0.991764230199977,0.398884887241511,0.606271050303404,-0.0230231835619206,0.0325487102985632,1,8,8
"two_step_LASSO_X",0.991764230199977,0.398884887241511,0.606271050303404,-0.0230231835619206,0.0325487102985632,1,8,8
