"","X","Z_LL","Z_LH","Z_HL","Z_HH","Z_dummy"
"linear",0,0,0,0,0,0
"stepwise",0,0.005,0,5.00000000000001e-05,0,0
"stepwise_X",0,0.0018,0.00045,0,0,0
"two_step_LASSO",0,0.000449999999999999,0,0.005,0,0
"two_step_LASSO_X",0,0.000449999999999999,5.00000000000001e-05,0,0,0
