"cause","intercept","y","X","Z1","Z2","Z3","Z4","Z5"
1,1,NA,0.5,0.204124145231932,0.540061724867322,0.204124145231932,0.540061724867322,NA
1,1,NA,NA,0.204124145231932,0.204124145231932,0.540061724867322,0.540061724867322,NA
0,NA,NA,NA,NA,NA,NA,NA,NA
0,NA,NA,NA,NA,NA,NA,NA,NA
0,NA,NA,NA,NA,NA,NA,NA,NA
0,NA,NA,NA,NA,NA,NA,NA,NA
0,NA,NA,NA,NA,NA,NA,NA,NA
