"","intercept","X","Z_LL","Z_LH","Z_HL","Z_HH","Z_dummy"
"true_values",1,0.534846922834953,0,0.408248290463863,0,0.408248290463863,NA
"linear",0.99833837539815,0.538418179285187,0.00306037776741774,0.411286389728396,-0.00416612460253256,0.408978227803529,0.00314729335523477
"stepwise",1.00036574551426,0.536337844267075,0.00243480393117192,0.411278553928801,-0.000560918488090987,0.409983576619957,0.00273547145729027
"stepwise_X",0.999578743521813,0.538541272349667,0.000917326889877067,0.0724796676102275,-0.00472703697440474,0.408084041414239,-0.00297178411750404
"two_step_LASSO",1.00065243999601,0.535979876327651,0.00235526736365945,0.411242184366757,-0.000174752784163475,0.409906470492288,0.00282396564742007
"two_step_LASSO_X",0.999544303281233,0.538685554760611,0.00231637312571277,0.179872044529822,-0.00494767524495238,0.408822122963863,-9.64947628189412e-05
