"","intercept","X","Z1","Z2","Z3","Z4","Z5","Z6","Z7","Z8","Z9","Z10","Z11","Z12","Z13","Z14","Z15","Z16","Z17"
"true_values",1,0.5,0.102062072615966,0.102062072615966,0.102062072615966,0.102062072615966,0.270030862433661,0.270030862433661,0.270030862433661,0.270030862433661,0.102062072615966,0.102062072615966,0.102062072615966,0.102062072615966,0.270030862433661,0.270030862433661,0.270030862433661,0.270030862433661,NA
"linear",1.00048099344857,0.5015966766382,0.108912071075794,0.108729256393984,0.104142367840535,0.103155404852929,0.266270724410022,0.265471363424424,0.268657634040318,0.27127385564339,0.0979893174164323,0.099840309647248,0.103483564066955,0.104632816355806,0.272310715524513,0.272485611800601,0.27102538058324,0.268796065597579,0.00102263018636153
"stepwise",0.997665437207563,0.5044501813555,0.107227435557612,0.107808211180721,0.102298823494787,0.102312710215996,0.266028013942646,0.265307705126528,0.268334436618509,0.270910236086777,0.0946229463375906,0.0963418820896631,0.100220037438123,0.102562442409725,0.271488574768202,0.271722329994175,0.27032322378144,0.268148043504285,8.43996459408835e-05
"stepwise_X",0.99932219377671,0.50312596590918,0.103130890570374,0.105617167948093,0.0954141030739047,0.100735510058512,0.258494850242841,0.257756285879962,0.259479545523886,0.265741285907463,0.0977205165851489,0.0991957955288862,0.103155452830717,0.104410425579631,0.272370831431323,0.272390180443097,0.270857742791828,0.268350293868694,0.00182738957763263
"two_step_LASSO",1.00039836607139,0.501675609104279,0.108921666712674,0.108776815302471,0.104120123417063,0.103137118506007,0.266270665562515,0.265459439304493,0.268644651081594,0.271268718409442,0.0976827744957353,0.0997940141494069,0.103455936865423,0.104606346102244,0.27229039657382,0.272468916570266,0.271017162186629,0.268767610985086,0.00132511012075638
"two_step_LASSO_X",1.00072510790809,0.50161776997473,0.107459491695331,0.108571724875309,0.104040452366871,0.102125107481077,0.26632122281662,0.262437550669471,0.268800352672715,0.271393973328281,0.0980305243684893,0.0999411963566309,0.103565603222245,0.104619312889001,0.272447755772998,0.272496029268338,0.27114977373304,0.268799771206897,0.0023814275647355
