"","intercept","X","Z1","Z2","Z3","Z4","Z5","Z6","Z7","Z8","Z9"
"true_values",1,0.534846922834953,0,0,0.408248290463863,0.408248290463863,0,0,0.408248290463863,0.408248290463863,NA
"linear",0.99833837539815,0.538418179285187,0.00288250028006426,0.00323825525477123,0.409736789511951,0.412835989944842,-0.00674561480008088,-0.00158663440498424,0.411250345764899,0.406706109842158,0.00314729335523477
"stepwise",1.00036574551426,0.536337844267075,0.00248437567828414,0.00238523218405969,0.40976143211998,0.412795675737621,-0.0002407935089284,-0.000881043467253574,0.412308807087329,0.407658346152584,0.00273547145729027
"stepwise_X",0.999578743521813,0.538541272349667,0.00190954377288011,-7.48899931259777e-05,0.0659881599244291,0.0789711752960258,-0.00689419242054508,-0.00255988152826441,0.410814187714459,0.405353895114019,-0.00297178411750404
"two_step_LASSO",1.00065243999601,0.535979876327651,0.00208340879591123,0.00262712593140766,0.409678952474766,0.412805416258747,-0.00246370996996688,0.00211420440163993,0.412135728575421,0.407677212409155,0.00282396564742007
"two_step_LASSO_X",0.999544303281233,0.538685554760611,0.00441531404536023,0.000217432206065307,0.180815456872345,0.178928632187299,-0.00741866782835696,-0.0024766826615478,0.412335770315922,0.405308475611804,-9.64947628189412e-05
