"","intercept","X","Z_LL","Z_LH","Z_HL","Z_HH","Z_dummy"
"true_values",1,0.5,0.204124145231932,0.540061724867322,0.204124145231932,0.540061724867322,NA
"linear",1.00166253788134,0.498351181148689,0.199542293571831,0.539915988313971,0.203369932977954,0.542027650321249,0.00370968277532504
"stepwise",1.00186848255411,0.498120756789825,0.199447034390264,0.539924919540535,0.203577941152435,0.542071733876094,0.000193254047942239
"stepwise_X",1.00179765806077,0.498208295168337,0.199526930778309,0.539897517548374,0.203570905923609,0.542116394913634,-0.000474491474728814
"two_step_LASSO",1.00163363184513,0.498376165752237,0.199531838541763,0.53995288399104,0.203357996491277,0.542042934448809,0.0035446822542821
"two_step_LASSO_X",1.00161395455075,0.498321562956425,0.199465873024997,0.539891516058657,0.203451061925096,0.542073407304095,0.00149753195629118
