"","intercept","X","Z_LL","Z_LH","Z_HL","Z_HH","Z_dummy"
"true_values",1,0.5,0.102062072615966,0.270030862433661,0.102062072615966,0.270030862433661,NA
"linear",1.00048099344857,0.5015966766382,0.10623477504081,0.267918394379539,0.10148650187161,0.271154443376483,0.00102263018636153
"stepwise",0.997665437207563,0.5044501813555,0.104911795112279,0.267645097943615,0.0984368270687753,0.270420543012026,8.43996459408835e-05
"stepwise_X",0.99932219377671,0.50312596590918,0.101224417912721,0.260367991888538,0.101120547631096,0.270992262133735,0.00182738957763263
"two_step_LASSO",1.00039836607139,0.501675609104279,0.106238930984554,0.267910868589511,0.101384767903202,0.27113602157895,0.00132511012075638
"two_step_LASSO_X",1.00072510790809,0.50161776997473,0.105549194104647,0.267238274871772,0.101539159209091,0.271223332495318,0.0023814275647355
