"","intercept","X","Z1","Z2","Z3","Z4","Z5","Z6","Z7","Z8","Z9"
"true_values",1,2.5,0,0,0.408248290463863,0.408248290463863,0,0,0.408248290463863,0.408248290463863,NA
"linear",1.01329831260935,2.48436042422333,0.0395476232044623,-0.0306216777026829,0.360872499385426,0.430829699065003,0.0170463873226484,-0.0264281450461697,0.376461664543424,0.397299652500715,0.0592550333766969
"stepwise",1.0168165204635,2.4812232002557,0.0283505088599333,-0.0129200154109105,0.36131859404451,0.429658045459295,0.0174003361872806,-0.0134643281339506,0.37820866698601,0.39920009502317,0.0389708253215539
"stepwise_X",1.00748513641913,2.48729668684229,0.0136312924760541,0.000637174399706377,0.0865050105102273,0.125979436237537,0.0121456625946576,-0.0262313237164031,0.374664955108222,0.399080756771966,0.0015563285714372
"two_step_LASSO",1.02329740610851,2.47397855646478,0.039471724340476,-0.0283707900990222,0.360636747650749,0.430470954486545,0.0356702553806099,-0.0122762972055199,0.379318810357991,0.402046908921987,0.0496344172051611
"two_step_LASSO_X",1.01187131133742,2.48668815929322,0.0149988092090112,-0.0264179808024649,0.267382354770013,0.175621580059195,0.0139127046628889,-0.0265206107614053,0.372208168997634,0.399496741036012,0.0219622416472932
