"","intercept","X","Z_LL","Z_LH","Z_HL","Z_HH","Z_dummy"
"true_values",1,2.5,0,0.408248290463863,0,0.408248290463863,NA
"linear",1.01329831260935,2.48436042422333,0.00446297275088968,0.395851099225215,-0.00469087886176067,0.386880658522069,0.0592550333766969
"stepwise",1.0168165204635,2.4812232002557,0.0077152467245114,0.395488319751903,0.00196800402666503,0.38870438100459,0.0389708253215539
"stepwise_X",1.00748513641913,2.48729668684229,0.00713423343788022,0.106242223373882,-0.00704283056087277,0.386872855940094,0.0015563285714372
"two_step_LASSO",1.02329740610851,2.47397855646478,0.00555046712072694,0.395553851068647,0.011696979087545,0.390682859639989,0.0496344172051611
"two_step_LASSO_X",1.01187131133742,2.48668815929322,-0.00570958579672687,0.221501967414604,-0.00630395304925818,0.385852455016823,0.0219622416472932
