"","pred_mse","r_squared_X","r_squared_Y","model_SE","emp_SE","causal_effect_est","causal_effect_mcse","causal_effect_bias","avg_abs_param_bias","coverage","open_paths","blocked_paths"
"linear",1.06248221349959,0.411620838872511,0.610572282852556,0.0331842524487396,0.0301911450609459,0.5015966766382,0.00303007794646567,0.00159667663820007,0.0271633765574566,0.97,16,16
"stepwise",1.06340700545889,0.411620838872511,0.610233604350232,0.0328165763730107,0.0323310511910843,0.5044501813555,0.00321846433834659,0.0044501813555002,0.0272294259924489,0.95,16,15.61
"stepwise_X",1.07396860158786,0.411620838872511,0.606399123863682,0.0333287619746777,0.0304828969867731,0.50312596590918,0.00304749499024433,0.00312596590918049,0.0280785343125207,0.97,16,15.72
"two_step_LASSO",1.06249418563445,0.411620838872511,0.6105678461331,0.0331431214778129,0.0303502244543007,0.501675609104279,0.00304566003288616,0.00167560910427855,0.0271183441547524,0.97,16,15.97
"two_step_LASSO_X",1.06390268772652,0.411620838872511,0.610076356742369,0.0332014034334036,0.0302234721358743,0.50161776997473,0.00303321859299611,0.00161776997472985,0.0270803968627633,0.97,16,15.97
