"","pred_mse","r_squared_X","r_squared_Y","model_SE","emp_SE","causal_effect_est","causal_effect_mcse","causal_effect_bias","avg_abs_param_bias","coverage","open_paths","blocked_paths"
"linear",1.08284388626281,0.399487507407915,0.602247158843801,0.0330604859730777,0.0363380327502272,0.498351181148689,0.00364834820871609,-0.0016488188513114,0.0294073607106387,0.91,4,4
"stepwise",1.08339251791948,0.399487507407915,0.602045337868355,0.0330408255380186,0.0364494783393223,0.498120756789825,0.00365843831031234,-0.00187924321017542,0.0268455328403507,0.91,4,4
"stepwise_X",1.08362467100018,0.399487507407915,0.601961206395086,0.0330518924593207,0.0363937158439669,0.498208295168337,0.0036532707729763,-0.00179170483166293,0.0264917326284363,0.91,4,4
"two_step_LASSO",1.08288752781385,0.399487507407915,0.602231115555335,0.0330480112160565,0.0363513884539212,0.498376165752237,0.00364980503819105,-0.00162383424776305,0.0288552648830768,0.91,4,4
"two_step_LASSO_X",1.0832661633414,0.399487507407915,0.602091284990081,0.0330577695682679,0.0363813061537505,0.498321562956425,0.0036525655665043,-0.00167843704357455,0.0278029728170242,0.91,4,4
