"","pred_mse","r_squared_X","r_squared_Y","model_SE","emp_SE","causal_effect_est","causal_effect_mcse","causal_effect_bias","avg_abs_param_bias","coverage","open_paths","blocked_paths"
"linear",0.991985676965432,0.403465768603349,0.605539209789129,0.031715339061905,0.0305438816008478,0.538418179285187,0.00304872026573773,0.00357125645023373,0.026593052341649,0.96,2,2
"stepwise",0.994256365981199,0.403465768603349,0.604636719411877,0.0278605763971655,0.0277068565828736,0.536337844267075,0.00278060936382906,0.00149092143212123,0.0181421884393862,0.94,2,2
"stepwise_X",1.27322815379931,0.403465768603349,0.494031329183511,0.0357873195803475,0.0342541435438683,0.538541272349667,0.00342259003406537,0.00369434951471317,0.0808486428314082,0.96,2,2
"two_step_LASSO",0.992550374047718,0.403465768603349,0.605316404427521,0.0291151209537848,0.0301514199894588,0.535979876327651,0.00302819168589213,0.00113295349269743,0.0232315273001399,0.96,2,2
"two_step_LASSO_X",1.18360543274307,0.403465768603349,0.529549524257646,0.0345232957197401,0.0317757817224892,0.538685554760611,0.00317019772670571,0.00383863192565774,0.0637696563220767,0.97,2,2
