"","intercept","X","Z1","Z2","Z3","Z4","Z5","Z6","Z7","Z8","Z9"
"true_values",1,0.534846922834953,0,0,0.408248290463863,0.408248290463863,0,0,0.408248290463863,0.408248290463863,NA
"linear",0.998565222545581,0.535961217734884,-0.000774761236426801,0.00250051751869013,0.409496094900645,0.407709736503126,-0.000166966173216612,-0.00129854093467373,0.407710093874457,0.406695355037663,0.000162459673694751
"stepwise",0.998032347375373,0.536487096337149,-0.00111883832460525,0.00147836427409169,0.409487701232469,0.407709422626166,-0.00166909899540541,-0.00155099336204692,0.407502643806774,0.406469837967962,-8.99114305421232e-05
"stepwise_X",0.999328182643516,0.535545595623361,0.000349466465719979,0.000437870644883648,0.0653024576265805,0.0530429258393633,-1.29046390857514e-05,-0.00148546056506565,0.407852630215076,0.407331918451247,-0.000436298194171625
"two_step_LASSO",0.998400580751254,0.536133508173674,-0.000866623368085836,0.00218270750055638,0.409497927461261,0.407702755591511,-0.000778324176970245,-0.00125806488489919,0.40763727842596,0.406623219046777,0.000466609819244402
"two_step_LASSO_X",0.998845077498864,0.535821575556699,-0.000446700886985312,0.0017031236985761,0.192905383370137,0.187499043751359,-0.000312223215059418,-0.00119921039256877,0.407963496253845,0.407004995445589,-0.000356817615511902
