"","intercept","X","Z_LL","Z_LH","Z_HL","Z_HH","Z_dummy"
"true_values",1,0.534846922834953,0,0.408248290463863,0,0.408248290463863,NA
"linear",0.998565222545581,0.535961217734884,0.000862878141131667,0.408602915701886,-0.000732753553945172,0.40720272445606,0.000162459673694751
"stepwise",0.998032347375373,0.536487096337149,0.000179762974743219,0.408598561929317,-0.00161004617872617,0.406986240887368,-8.99114305421232e-05
"stepwise_X",0.999328182643516,0.535545595623361,0.000393668555301814,0.0591726917329719,-0.0007491826020757,0.407592274333162,-0.000436298194171625
"two_step_LASSO",0.998400580751254,0.536133508173674,0.000658042066235272,0.408600341526386,-0.00101819453093472,0.407130248736369,0.000466609819244402
"two_step_LASSO_X",0.998845077498864,0.535821575556699,0.000628211405795397,0.190202213560748,-0.000755716803814093,0.407484245849717,-0.000356817615511902
