"","pred_mse","r_squared_X","r_squared_Y","model_SE","emp_SE","causal_effect_est","causal_effect_mcse","causal_effect_bias","avg_abs_param_bias","coverage","open_paths","blocked_paths"
"linear",0.999475051113613,0.401670626392874,0.600303349355106,0.0100229897955716,0.00977715068254256,0.535961217734884,0.000976237998517163,0.00111429489993079,0.00855379802929269,0.95,2,2
"stepwise",0.999684004763093,0.401670626392874,0.600219765765472,0.00889202471217819,0.00948897260876234,0.536487096337149,0.000939322945791423,0.00164017350219561,0.00620589051743198,0.95,2,2
"stepwise_X",1.28578621208204,0.401670626392874,0.485820589713857,0.0113582214107485,0.0108649963635492,0.535545595623361,0.00108971315989819,0.000698672788407716,0.0695590072229912,0.96,2,2
"two_step_LASSO",0.999528286211049,0.401670626392874,0.600282047460579,0.00930727237717986,0.00964648913508592,0.536133508173674,0.000960846905470751,0.00128658533872096,0.0075578458875076,0.94,2,2
"two_step_LASSO_X",1.17791077610632,0.401670626392874,0.528876621313751,0.0108645337412388,0.0103971686123769,0.535821575556699,0.00104035331618002,0.000974652721745743,0.0468785291108327,0.97,2,2
