"","X","Z_LL","Z_LH","Z_HL","Z_HH","Z_dummy"
"linear",0,0,0,0,0,0
"stepwise",0,0.004425,0,0.000358333333333333,0,0
"stepwise_X",0,0.00136666666666667,0.000691666666666666,0,0,0
"two_step_LASSO",0,0.00449166666666667,0,0.00213333333333333,0,0
"two_step_LASSO_X",0,0.00506666666666666,0.00109166666666667,0,0,0
