"","intercept","X","Z1","Z2","Z3","Z4","Z5","Z6","Z7","Z8","Z9","Z10","Z11","Z12","Z13","Z14","Z15","Z16","Z17"
"true_values",1,0.534846922834953,0,0,0,0,0.288675134594813,0.288675134594813,0.288675134594813,0.288675134594813,0,0,0,0,0.288675134594813,0.288675134594813,0.288675134594813,0.288675134594813,NA
"linear",1.00254318202077,0.533221590121287,-0.00140675947585121,0.00427662049538807,0.000241921594617549,-0.00035764522571003,0.289509074773533,0.293391449804452,0.289324629121196,0.285014052420651,-0.00184942988367515,0.00154853099404265,0.00315406710378309,-0.00615287342524345,0.287703135918617,0.289601087000219,0.291722239361205,0.291842318839362,0.00276008401362644
"stepwise",1.00209763156575,0.533598684676485,-0.00128388755157999,0.00314299868576295,-0.000621202469549169,0.00137145382587309,0.289387587583744,0.293368992769292,0.289369701628853,0.284981365433235,-0.00153364958600888,0.000356524755801714,-0.00156498709375223,-0.003738612354804,0.287749007902725,0.289591008904822,0.291476321900529,0.291449565424825,0.000121702931005244
"stepwise_X",1.0038624466612,0.532080783035478,-0.000212430923067295,0.000386604461384629,0.000975179392437856,0.000280513763395938,0.0375843969599606,0.0412589515814005,0.053106838952979,0.0525848163938947,-0.000340830656521342,0.00255655198361985,0.00389920936063754,-0.00608719718563074,0.287931169949966,0.288561429051625,0.292485667239015,0.289760025239509,-0.00126305070284654
"two_step_LASSO",1.00294106981313,0.532745576911788,-0.000486985346503341,0.00336105248297095,-0.00058006692403555,-0.000490920590548404,0.289444539855545,0.293318267305276,0.289307762825282,0.284828528577842,-0.0010866957004674,0.00286188075790568,0.0016237139568118,-0.00455818847888951,0.287752822207671,0.289723409528784,0.29166744423206,0.291934431429591,0.000662262429298806
"two_step_LASSO_X",1.0019821275934,0.533533517649153,-4.20898126444371e-05,0.0006102126970546,-0.000619239167478946,9.58519573102179e-05,0.151829669099268,0.134677599137098,0.151509279306095,0.135933738035809,1.26439101864407e-05,-0.000280407953152941,0.00373783405195568,-0.00701922818773113,0.286861809388255,0.287062456805368,0.292178535339062,0.290604492407911,-5.99272422215237e-05
