"","intercept","X","Z_LL","Z_LH","Z_HL","Z_HH","Z_dummy"
"true_values",1,0.534846922834953,0,0.288675134594813,0,0.288675134594813,NA
"linear",1.00254318202077,0.533221590121287,0.000688534347111095,0.289309801529958,-0.000824926302773217,0.290217195279851,0.00276008401362644
"stepwise",1.00209763156575,0.533598684676485,0.00065234062262672,0.289276911853781,-0.00162018106969085,0.290066476033225,0.000121702931005244
"stepwise_X",1.0038624466612,0.532080783035478,0.000357466673537782,0.0461337509720587,6.93337552632692e-06,0.289684572870029,-0.00126305070284654
"two_step_LASSO",1.00294106981313,0.532745576911788,0.000450769905470913,0.289224774640986,-0.000289822366159859,0.290269526849527,0.000662262429298806
"two_step_LASSO_X",1.0019821275934,0.533533517649153,1.11839185603587e-05,0.143487571394567,-0.000887289544685485,0.289176823485149,-5.99272422215237e-05
