"","pred_mse","r_squared_X","r_squared_Y","model_SE","emp_SE","causal_effect_est","causal_effect_mcse","causal_effect_bias","avg_abs_param_bias","coverage","open_paths","blocked_paths"
"linear",0.983402610595728,0.406472240956036,0.605576824676437,0.031799678662015,0.029431409648952,0.533221590121287,0.0029534540085721,-0.00162533271366579,0.0263736104721852,0.98,4,4
"stepwise",0.987193809190024,0.406472240956036,0.604057751661175,0.0279750905939036,0.0271164785617712,0.533598684676485,0.00272241965885063,-0.00124823815846805,0.0183339286552678,0.97,4,4
"stepwise_X",1.2694467300438,0.406472240956036,0.490961854092643,0.0359088773733476,0.0305837895295916,0.532080783035478,0.00306118854022242,-0.0027661397994751,0.0685952564324565,0.98,4,4
"two_step_LASSO",0.984209819250557,0.406472240956036,0.605253577755249,0.0293948692178189,0.0287688785161286,0.532745576911788,0.00288365774385704,-0.00210134592316474,0.0234964638770706,0.97,4,4
"two_step_LASSO_X",1.15668271252486,0.406472240956036,0.536321731642587,0.0343558416664159,0.0290529687723715,0.533533517649153,0.00291694797138044,-0.00131340518580023,0.0515142972260627,0.98,4,4
