"","X","Z_LL","Z_LH","Z_HL","Z_HH","Z_dummy"
"linear",0,0,0,0,0,0
"stepwise",0,0.000891666666666667,0,0.000558333333333334,0,0
"stepwise_X",0,0.000425,0.001025,0,0,0
"two_step_LASSO",0,0.002825,0,9e-04,0,0
"two_step_LASSO_X",0,0.000691666666666668,0.0015,0,0,0
