"","intercept","X","Z1","Z2","Z3","Z4","Z5","Z6","Z7","Z8","Z9","Z10","Z11","Z12","Z13","Z14","Z15","Z16","Z17"
"true_values",1,0.534846922834953,0,0,0,0,0.288675134594813,0.288675134594813,0.288675134594813,0.288675134594813,0,0,0,0,0.288675134594813,0.288675134594813,0.288675134594813,0.288675134594813,NA
"linear",1.00095143671306,0.533761688079498,-0.000172886017185195,-0.000752371671722026,0.000763304915610247,0.00050642656956119,0.289065403974143,0.288262987747197,0.288938690797087,0.289702439280389,-0.000306495022979222,2.04648270240909e-05,8.28859496702154e-05,-0.000393375283101134,0.288843831335832,0.289141813902872,0.289018915720822,0.287753902428134,-0.00021243179149758
"stepwise",1.00122152675117,0.533480456092898,-0.00043370860423415,-0.000832842922435552,0.000931624450536865,0.000258708577478882,0.289035455823848,0.288274973128648,0.288986413158132,0.289699649707226,-5.69553288658683e-05,0.000356290386321247,0.00014330691163362,0.000361061644034585,0.288885311378798,0.289191433896654,0.289078385300721,0.287844915318513,-4.29689720801883e-05
"stepwise_X",1.0011877405927,0.533590103510827,0.00039230399364509,-0.000818866577038491,0.00129100583253363,1.85265066507918e-05,0.0615814332126014,0.0460358796696224,0.0463748839863296,0.0640497379924636,-0.00117437376217219,0.000595732806268031,-7.43453355660074e-05,-0.000742813207431776,0.288415841166026,0.289109507556065,0.288703349033216,0.287287229278872,0.000846275189938667
"two_step_LASSO",1.00116356915013,0.533564473338595,-0.000179222439554387,-0.000871908675137682,0.000625233751225578,0.000340613942218472,0.289055428593044,0.288255466391197,0.288945516065532,0.289706310194969,0.00017265309394529,-2.62639339312962e-05,0.000262405083564615,-4.77292392216182e-05,0.288879898061792,0.289188739427039,0.289059280508989,0.287803846965519,-0.000263536818126531
"two_step_LASSO_X",1.00071477923116,0.533843114899265,-0.000277240748111369,-0.0016481990614243,0.00173512051154606,0.000500115939008089,0.139292048094606,0.143371291520049,0.164620503798164,0.1474205318866,-0.000494430998759776,3.4638859128731e-05,-0.00010971235834418,-0.000594082752960054,0.28866422754677,0.289219806007058,0.288791809222761,0.287323608905154,-9.96888397962585e-05
