"","pred_mse","r_squared_X","r_squared_Y","model_SE","emp_SE","causal_effect_est","causal_effect_mcse","causal_effect_bias","avg_abs_param_bias","coverage","open_paths","blocked_paths"
"linear",0.998359909728268,0.401136981280074,0.599624949797643,0.0100128975481573,0.0100526170033013,0.533761688079498,0.00100442140810355,-0.00108523475545567,0.00833764011098127,0.97,4,4
"stepwise",0.998741512904644,0.401136981280074,0.599471892217423,0.008829854424748,0.00977927326340095,0.533480456092898,0.000973211668418915,-0.00136646674205506,0.00589403670926146,0.95,4,4
"stepwise_X",1.26927821036466,0.401136981280074,0.491018902317136,0.0112799534151693,0.0104449969099888,0.533590103510827,0.00104213439504468,-0.00125681932412583,0.0550791995104054,0.96,4,4
"two_step_LASSO",0.998442219329108,0.401136981280074,0.599591939305818,0.00923187193667068,0.00982293258968652,0.533564473338595,0.000978791916428013,-0.00128244949635768,0.00743823537665038,0.94,4,4
"two_step_LASSO_X",1.16081481389913,0.401136981280074,0.534535818789164,0.0107854599024823,0.00984309024660683,0.533843114899265,0.000984110095010709,-0.0010038079356878,0.0362720392147107,0.97,4,4
