"","X","Z_LL","Z_LH","Z_HL","Z_HH","Z_dummy"
"linear",0,0,0,0,0,0
"stepwise",0,0.000123483333333334,9.41656250000002e-05,6.16625000000002e-05,9.59656250000003e-05,0
"stepwise_X",0,0.000151398958333333,0.0001294,0.000102815625,6.40572916666668e-05,0
"two_step_LASSO",0,2.53739583333334e-05,3.09291666666667e-05,2.89072916666666e-05,5.08072916666669e-05,0
"two_step_LASSO_X",0,5.54572916666668e-05,3.77656250000003e-05,2.09156250000001e-05,4.03625e-05,0
