"","X","Z_LL","Z_LH","Z_HL","Z_HH","Z_dummy"
"linear",0,0,0,0,0,0
"stepwise",0,7.84895833333331e-06,4.18333333333336e-06,8.42916666666667e-06,1.04072916666667e-05,0
"stepwise_X",0,2.2715625e-05,2.66072916666668e-05,2.335e-05,3.11666666666666e-05,0
"two_step_LASSO",0,1.29166666666659e-07,9.89583333333231e-08,1.95833333333318e-07,9.99999999999891e-08,0
"two_step_LASSO_X",0,2.83333333333343e-07,4.40625000000002e-07,4.65625e-07,3.23958333333333e-07,0
