"","pred_mse","r_squared_X","r_squared_Y","model_SE","emp_SE","causal_effect_est","causal_effect_mcse","causal_effect_bias","avg_abs_param_bias","coverage","open_paths","blocked_paths"
"linear",0.686301890892728,0.439029367618437,0.626310411558448,0.0280924990302296,0.0280527580494365,0.25034145190237,0.000627389138378067,0.000341451902369976,0.022706335827373,0.9495,64,64
"stepwise",0.687322535177696,0.439029367618437,0.625753228807679,0.0279418392546308,0.0289380492821985,0.252779945130663,0.000644242830831096,0.00277994513066275,0.0229391895265734,0.941,64,63.166
"stepwise_X",0.714321742060097,0.439029367618437,0.611032875638811,0.0285540982444346,0.0299722266276337,0.258881505749278,0.000640258992994979,0.0088815057492778,0.0260024611705075,0.939,64,61.324
"two_step_LASSO",0.686303049368748,0.439029367618437,0.626309780959514,0.0280855582677817,0.0280539557521454,0.250351721016588,0.000627413090736976,0.000351721016588247,0.0227034024365037,0.9495,64,63.9825
"two_step_LASSO_X",0.687262938003526,0.439029367618437,0.625786254776774,0.0281084979257297,0.0280499491698748,0.250353659038024,0.000627322926319161,0.000353659038024485,0.0227533736913355,0.9495,64,63.9215
