"","pred_mse","r_squared_X","r_squared_Y","model_SE","emp_SE","data_odds_ratio","model_odds_ratio","causal_true_val","causal_effect_est","causal_effect_bias","causal_effect_mcse","avg_abs_param_bias","coverage","open_paths","blocked_paths"
"linear",9.6242860293467,0.122556193905496,-6.82205696578611,0.169322334803373,0.164678852371194,2.94093773693087,1.67642670100939,0.5,0.503121975702764,0.00312197570276384,0.00164678852371194,0.0820371311349975,0.93,4,4
"linear_no_Z",5.90731602419045,0.122556193905496,-1.7273235138304,0.15148659870158,0.143816650030877,2.94093773693087,2.94505024015391,0.5,1.06962287847666,0.569622878476661,0.00143816650030877,0.457715869160918,0.02,4,0
"stepwise",9.60511275252204,0.122556193905496,-6.80056044627564,0.169206848777892,0.164604673288735,2.94093773693087,1.67651251988617,0.5,0.503195972172698,0.00319597217269787,0.00164604673288735,0.0759176035056694,0.93,4,4
"stepwise_X",9.60679488699436,0.122556193905496,-6.78008952883542,0.16915502833532,0.164016011312459,2.94093773693087,1.67505920769185,0.5,0.502414653424538,0.00241465342453836,0.00164016011312459,0.0731549290157532,0.93,4,4
"two_step_LASSO",5.88962058441414,0.122556193905496,-1.69864898927039,0.151319396277232,0.143399065098195,2.94093773693087,2.94093773670015,0.5,1.06829793622372,0.568297936223724,0.00143399065098195,0.449058604027071,0.02,4,0
"two_step_LASSO_X",0.156493145955889,0.122556193905496,0.169434311124672,0.0286576475595658,0.0301511494499094,2.94093773693087,1.10277076108151,0.5,0.0973750599166276,-0.402624940083372,0.000301511494499094,0.344737084411647,0,4,4
