"","X","Z_LL","Z_LH","Z_HL","Z_HH","Z_dummy"
"linear",0,0,0,0,0,0
"stepwise",0,3.13229166666666e-06,7.59583333333329e-06,8.03229166666668e-06,6.99895833333335e-06,0
"stepwise_X",0,2.55833333333334e-05,1.43333333333335e-05,8.915625e-06,1.1490625e-05,0
"two_step_LASSO",0,9.58333333333243e-08,1.29166666666662e-07,9.89583333333222e-08,9.06249999999925e-08,0
"two_step_LASSO_X",0,9.29166666666689e-07,5.65624999999989e-07,5.16666666666645e-07,1.16250000000001e-06,0
