"","intercept","X","Z_LL","Z_LH","Z_HL","Z_HH","Z_dummy"
"true_values",1,0.25,0.102062072615966,0.102062072615966,0.102062072615966,0.102062072615966,NA
"linear",1.00074904477053,0.249417058383651,0.102279584880908,0.101924022468023,0.101989743625285,0.102036983405931,-0.00202646307097942
"stepwise",0.97274184705501,0.277328259444254,0.0837331471574784,0.0833930250206271,0.0834482736753367,0.0832232240050673,-0.00139643713059421
"stepwise_X",0.972032897321889,0.27784325310744,0.0605974119106631,0.0603013189345242,0.0608728570011893,0.0607013720125591,0.000471580058634618
"two_step_LASSO",0.999067766007579,0.251068218927027,0.101119362653536,0.100745976436217,0.100845894806718,0.100954746467856,-0.00182594138520714
"two_step_LASSO_X",0.999387429234029,0.250631354735029,0.0930160834472071,0.0922991936740336,0.0923774386608189,0.09275538915133,-0.00135672354445315
