"","X","Z_LL","Z_LH","Z_HL","Z_HH","Z_dummy"
"linear",1,1,1,1,1,1
"stepwise",1,0.917,0.922125,0.916625,0.9155,0.159
"stepwise_X",1,0.9400625,0.9341875,0.9375,0.938375,0.1655
"two_step_LASSO",1,0.9945,0.9955625,0.9956875,0.995375,0.8125
"two_step_LASSO_X",1,0.997,0.996125,0.9955,0.996875,0.7945
