"","pred_mse","r_squared_X","r_squared_Y","model_SE","emp_SE","causal_true_val","causal_effect_est","causal_effect_bias","causal_effect_mcse","avg_abs_param_bias","coverage","open_paths","blocked_paths"
"linear",1.11759012459333,0.475131743617092,0.752343082848382,0.0300032236260814,0.02959051165669,0.5,0.772483348268257,0.272483348268257,1.4795255828345e-05,0.0780800022608343,0,64,48
"linear_no_Z",1.50018895956491,0.475131743617092,0.667612158322698,0.0245715197611613,0.0245328429899894,0.5,1.09896910678051,0.59896910678051,1.22664214949947e-05,0.164593776295317,0,64,0
"stepwise",1.12084264500831,0.475131743617092,0.751621560075863,0.0294409744949963,0.0327699274005379,0.5,0.780393449690468,0.280393449690468,1.6384963700269e-05,0.0798576253318443,0,64,45.8865
"stepwise_X",1.1210513031709,0.475131743617092,0.751570760345743,0.0300233650769768,0.0295824268300353,0.5,0.773119557869699,0.273119557869699,1.47912134150177e-05,0.0781142734484292,0,64,47.804
"two_step_LASSO",1.11759573125316,0.475131743617092,0.752341837307399,0.0299745086362516,0.0296112349092558,0.5,0.77254110083508,0.27254110083508,1.48056174546279e-05,0.0780879081698115,0,64,47.9175
"two_step_LASSO_X",1.11778884099283,0.475131743617092,0.752298576054595,0.0300035344423781,0.029590709617186,0.5,0.772485366430855,0.272485366430855,1.4795354808593e-05,0.0780234890414171,0,64,47.9975
