"","pred_mse","r_squared_X","r_squared_Y","model_SE","emp_SE","causal_effect_est","causal_effect_mcse","causal_effect_bias","avg_abs_param_bias","coverage","open_paths","blocked_paths"
"linear",0.560441145528713,0.625464902417558,0.813127902349914,0.0253770888905138,0.025352443985322,0.249937597467402,0.000567037941402427,-6.24025325975666e-05,0.0206072300164021,0.9525,64,64
"stepwise",0.560674330115416,0.625464902417558,0.813050103268554,0.0253602596495964,0.025347473879993,0.2499105344561,0.00056692496502154,-8.94655438998274e-05,0.0204214810716554,0.9535,64,64
"stepwise_X",0.561683134375151,0.625464902417558,0.81271417925131,0.0253874295115379,0.0253811160725372,0.250115575179141,0.000567675061298625,0.000115575179141064,0.0204331117160084,0.953,64,63.965
"two_step_LASSO",0.560441558491845,0.625464902417558,0.813127764536707,0.0253744276857935,0.0253527062587466,0.249939572594205,0.000567043914512758,-6.04274057945834e-05,0.0206046847170076,0.9525,64,64
"two_step_LASSO_X",0.560515022281898,0.625464902417558,0.813103196395394,0.0253768196717685,0.0253529118847459,0.249937151262583,0.000567048381947858,-6.28487374165445e-05,0.0205666559852238,0.9525,64,64
