"","X","Z_LL","Z_LH","Z_HL","Z_HH","Z_dummy"
"linear",0,0,0,0,0,0
"stepwise",0,0.000117698958333333,0.000124229166666666,0.000238433333333333,5.2790625e-05,0
"stepwise_X",0,8.37291666666666e-05,0.000162829166666667,5.11739583333334e-05,8.96989583333335e-05,0
"two_step_LASSO",0,3.86656250000001e-05,3.76739583333334e-05,3.64489583333334e-05,4.66739583333336e-05,0
"two_step_LASSO_X",0,4.73291666666668e-05,4.76322916666667e-05,3.11000000000001e-05,2.49291666666668e-05,0
