"","pred_mse","r_squared_X","r_squared_Y","model_SE","emp_SE","causal_effect_est","causal_effect_mcse","causal_effect_bias","avg_abs_param_bias","coverage","open_paths","blocked_paths"
"linear",3.58068077931532,0.209013784289533,0.426707668904902,0.0335011081973017,0.0335431089641519,0.500266691354261,0.000750210587311272,0.000266691354261193,0.0509754689532743,0.949,64,64
"stepwise",3.66142494819861,0.209013784289533,0.41376757151574,0.0316798933503604,0.0473251605407739,0.531241287018843,0.000795073879614442,0.0312412870188433,0.0683349990522086,0.807,64,36.428
"stepwise_X",3.92061109220744,0.209013784289533,0.372249486922693,0.034218413959104,0.0443876883946119,0.528771267231297,0.000755993581063056,0.0287712672312967,0.0704964295974519,0.8785,64,38.455
"two_step_LASSO",3.5845845283886,0.209013784289533,0.426080241879128,0.032920805601511,0.0346037027440405,0.502767300829225,0.000771476981656522,0.00276730082922507,0.0521754505643046,0.9355,64,56.937
"two_step_LASSO_X",3.65825334302797,0.209013784289533,0.41423919699121,0.0337426227281414,0.0336020818920679,0.501411470047369,0.000750889970479824,0.00141147004736943,0.0552855555927704,0.95,64,58.2985
