"","X","Z_LL","Z_LH","Z_HL","Z_HH","Z_dummy"
"linear",0,0,0,0,0,0
"linear_no_Z",0,0,0,0,0,0
"stepwise",0,2.31989583333332e-05,5.19656250000001e-05,4.48625e-05,0,0
"stepwise_X",0,9.3291666666667e-06,4.24895833333336e-06,2.55239583333333e-05,0,0
"two_step_LASSO",0,2.76250000000005e-06,3.18333333333331e-06,2.46666666666666e-06,0,0
"two_step_LASSO_X",0,1.32291666666659e-07,4.07291666666657e-07,1.48958333333332e-07,0,0
