"","X","Z_LL","Z_LH","Z_HL","Z_HH","Z_dummy"
"linear",0,0,0,0,0,0
"stepwise",0,0.000102883333333334,0.000128029166666667,5.8e-05,0.000251695833333334,0
"stepwise_X",0,0.000127829166666667,0.000152265625,6.3707291666667e-05,0.0002121625,0
"two_step_LASSO",0,2.84291666666666e-05,2.16406249999999e-05,3.44906249999998e-05,2.40489583333332e-05,0
"two_step_LASSO_X",0,3.89291666666665e-05,2.16666666666664e-05,3.1440625e-05,2.71999999999998e-05,0
