"","pred_mse","r_squared_X","r_squared_Y","model_SE","emp_SE","causal_effect_est","causal_effect_mcse","causal_effect_bias","avg_abs_param_bias","coverage","open_paths","blocked_paths"
"linear",1.08772375160357,0.439029367618437,0.626298046519851,0.0353665000183736,0.0353164688909742,0.5004298641676,0.000789839236092837,0.000429864167600277,0.0285856956190281,0.9495,64,64
"stepwise",1.0941473137085,0.439029367618437,0.624085825268512,0.0344156291461395,0.0428478674618113,0.51640433456268,0.000885330832023472,0.0164043345626798,0.0311884737011033,0.886,64,59.1775
"stepwise_X",1.11728217565722,0.439029367618437,0.616118442759211,0.0357129488286321,0.0368757579812579,0.508980793421889,0.000799939616344717,0.0089807934218885,0.0314799182188414,0.9395,64,61.324
"two_step_LASSO",1.08773227701387,0.439029367618437,0.626295113697113,0.0353182397161659,0.035354446997299,0.500528879796298,0.000790658696853707,0.000528879796298359,0.0285956461631016,0.949,64,63.813
"two_step_LASSO_X",1.08879330155151,0.439029367618437,0.625929460051159,0.0353793117540852,0.0353135404002287,0.500442068211274,0.000789770361725302,0.000442068211274212,0.0286096456143057,0.9495,64,63.9215
