"","intercept","X","Z_LL","Z_LH","Z_HL","Z_HH","Z_dummy"
"true_values",1,0.5,0.125,0.125,0.125,0.125,NA
"linear",0.800930253982818,0.699641028283482,0.100149764195999,0.100376135866191,0.100043340034176,0,0.00121437418812869
"linear_no_Z",0.500809770014996,1.00024143317166,0,0,0,0,0.00186467568259761
"stepwise",0.784906061036167,0.715714348291249,0.0948326803718876,0.0950342484866852,0.0945990565249906,0,0.000569868088926368
"stepwise_X",0.798089219247406,0.702428889350809,0.0979077585090762,0.0980400199077507,0.0978386663993486,0,0.000301288867821088
"two_step_LASSO",0.80078997008248,0.699786219566905,0.100103981447041,0.100327540548382,0.0999967373542174,0,0.00124027170653792
"two_step_LASSO_X",0.800910763637993,0.699648862520296,0.100113469414757,0.100329304128261,0.0999959528708956,0,0.00117797006704264
