"","intercept","X","Z_LL","Z_LH","Z_HL","Z_HH","Z_dummy"
"true_values",1,0.5,0.612372435695794,0.612372435695794,0.612372435695794,0.612372435695794,NA
"linear",0.727246186743607,0.772306989081157,0.443654530608305,0.444829682538458,0.444704028689497,0,7.57119861038975e-05
"linear_no_Z",0.401290744820845,1.09923319653531,0,0,0,0,0.00041092190562384
"stepwise",0.727289497410552,0.772305658499004,0.443653533247716,0.444827036970678,0.444741976972118,0,-0.000276883962426892
"stepwise_X",0.727274449682464,0.772310108331538,0.443648428202711,0.444836773069022,0.444714617736208,0,0.000423534154800313
"two_step_LASSO",0.727255598161529,0.772307712258625,0.443651631292276,0.444816077900672,0.444706964390059,0,1.10752649476311e-06
"two_step_LASSO_X",0.727285578643658,0.77230332862333,0.443658381687927,0.444821374277363,0.444700385540822,0,0.000371487470195438
