"","pred_mse","r_squared_X","r_squared_Y","model_SE","emp_SE","causal_effect_est","causal_effect_mcse","causal_effect_bias","avg_abs_param_bias","coverage","open_paths","blocked_paths"
"linear",1.01418271151082,0.476867476044798,0.651600907512988,0.0366718906333568,0.036650080398784,0.500156980676151,0.000819718149167359,0.000156980676150825,0.0294495451887836,0.9465,99,99
"stepwise",1.05341776869654,0.476867476044798,0.638106651218338,0.0326084836812993,0.0840047792624938,0.570915225155538,0.00100718623009397,0.0709152251555377,0.0389199440997518,0.462,99,67.804
"stepwise_X",1.16296314053348,0.476867476044798,0.600470566998909,0.0381260225469527,0.0614487054349466,0.548585245362317,0.000841464614648765,0.048585245362317,0.039664024952938,0.764,99,77.16
"two_step_LASSO",1.01457391164371,0.476867476044798,0.651465656123283,0.0360685213853449,0.037929930015902,0.502548465773069,0.000846434097817623,0.00254846577306903,0.0297115746157881,0.9285,99,95.753
"two_step_LASSO_X",1.02675683078484,0.476867476044798,0.647278963410382,0.0368462607833672,0.0366551336514664,0.500381894719268,0.000819794194280258,0.00038189471926765,0.0302526586260615,0.947,99,97.261
