"","intercept","X","Z_LL","Z_LH","Z_HL","Z_HH","Z_dummy"
"true_values",1,0.25,0.102062072615966,0.102062072615966,0.102062072615966,0.102062072615966,NA
"linear",0.999785998784825,0.25034145190237,0.102160333376745,0.101905434295378,0.101938303024123,0.101976221228714,2.03167121456795e-06
"stepwise",0.997392626482669,0.252779945130663,0.101560063142358,0.1012481197225,0.101338905391512,0.101335030566822,-0.000277524817348235
"stepwise_X",0.991410159628142,0.258881505749278,0.0971013596314027,0.0968972619251757,0.0969720285582913,0.0968546338166261,-0.000139939547780722
"two_step_LASSO",0.999775702456513,0.250351721016588,0.102157809236921,0.101903178389008,0.101934963831961,0.101973945959428,-1.71467612267091e-05
"two_step_LASSO_X",0.999794543731556,0.250353659038024,0.102002006097942,0.101793061482575,0.101782623804146,0.101864316542388,2.72249779360415e-05
