"","pred_mse","r_squared_X","r_squared_Y","model_SE","emp_SE","causal_effect_est","causal_effect_mcse","causal_effect_bias","avg_abs_param_bias","coverage","open_paths","blocked_paths"
"linear",1.15489181817382,0.399837845491559,0.602429904671027,0.0342071659683726,0.0332617516352657,0.502697358392976,0.0110507334072648,0.0026973583929762,0.0284811692614243,0.9,16,16
"stepwise",1.15558139335994,0.399837845491559,0.602196691419691,0.034170339033393,0.0336667944523867,0.502701452601923,0.0111860786622322,0.00270145260192334,0.0274789328822282,0.9,16,16
"stepwise_X",1.15532504357735,0.399837845491559,0.60228709138922,0.0341917839417081,0.0332931660509312,0.502311290711899,0.0110709471688538,0.00231129071189854,0.0278233796023356,0.9,16,16
"two_step_LASSO",1.15489641890641,0.399837845491559,0.602428256982539,0.0341947370616843,0.033245398879936,0.502656798463021,0.0110463567076457,0.00265679846302106,0.0284190873841474,0.9,16,16
"two_step_LASSO_X",1.15491835219306,0.399837845491559,0.602420639886817,0.0342038696847252,0.0332618166444545,0.502712274125339,0.0110503494945149,0.00271227412533878,0.0283877334574183,0.9,16,16
