"","intercept","X","Z_LL","Z_LH","Z_HL","Z_HH","Z_dummy"
"true_values",1,0.5,0.125,0.125,0.125,0.125,NA
"linear",0.999449872888366,0.501435953983853,0.12475383129529,0.124524199500305,0.124895024665234,0.124808020074653,0.000369860159208481
"linear_no_Z",0.500202006929027,1.0006135586435,0,0,0,0,-0.000315589498296965
"stepwise",0.996129926094851,0.504763761322326,0.123905576852464,0.123712908079136,0.124073726679059,0.12397015484383,0.000198351708743149
"stepwise_X",0.997496568560321,0.503397536578372,0.123706740592628,0.123348473324475,0.123746202833265,0.123656342189269,0.000424020756392525
"two_step_LASSO",0.999434306885661,0.501451882203551,0.124749128951446,0.124519692649307,0.124890440782674,0.124804625947784,0.000362991490728109
"two_step_LASSO_X",0.999441887554193,0.501436937981073,0.124751971459369,0.124514487693828,0.124886625825907,0.124792683633246,0.00028631050957562
