"","pred_mse","r_squared_X","r_squared_Y","model_SE","emp_SE","causal_effect_est","causal_effect_mcse","causal_effect_bias","avg_abs_param_bias","coverage","open_paths","blocked_paths"
"linear",3.57585805476369,0.209345479312517,0.427162561169146,0.0334742616815837,0.0338528443082755,0.500149691545381,0.000757154522925529,0.000149691545380841,0.0510167551274531,0.9465,64,64
"stepwise",3.65656411868302,0.209345479312517,0.414226534326789,0.0316441180197255,0.0476765476692905,0.531299365776151,0.00080437861875958,0.0312993657761512,0.0685507562039495,0.7975,64,36.3085
"stepwise_X",3.91403320396061,0.209345479312517,0.372974837228609,0.0341860543450938,0.044442890468151,0.528489384767214,0.00076292447939195,0.0284893847672141,0.0704286342501539,0.8695,64,38.5055
"two_step_LASSO",3.57974073493631,0.209345479312517,0.426539592414313,0.0328842430600552,0.034890344509153,0.502693833594691,0.000778037512881913,0.00269383359469108,0.052227456101352,0.93,64,56.827
"two_step_LASSO_X",3.65233967650251,0.209345479312517,0.414886723478863,0.0337129854752558,0.033979427098998,0.501223037845407,0.000759500653603289,0.00122303784540721,0.0552046958309289,0.948,64,58.3965
