"","pred_mse","r_squared_X","r_squared_Y","model_SE","emp_SE","causal_effect_est","causal_effect_mcse","causal_effect_bias","avg_abs_param_bias","coverage","open_paths","blocked_paths"
"linear",1.12506710096852,0.419467534573677,0.613578120374971,0.0347702886724146,0.034091226509711,0.500170581327003,0.00076248410112991,0.000170581327003379,0.0283045124161528,0.958,32,32
"stepwise",1.12570892611524,0.419467534573677,0.613357348378591,0.0347046779469571,0.0344166971472084,0.500760475718127,0.000769585271654529,0.000760475718126735,0.0279494403118163,0.954,32,31.893
"stepwise_X",1.12673567732722,0.419467534573677,0.613005398260355,0.0347725373997075,0.0340944927474275,0.500333040833726,0.000762530318083633,0.000333040833725911,0.0277658735521399,0.959,32,31.967
"two_step_LASSO",1.12507078398811,0.419467534573677,0.613576854999092,0.034762901197958,0.0340908697301326,0.500179578528257,0.000762475087713836,0.000179578528256549,0.028286328007139,0.958,32,31.9975
"two_step_LASSO_X",1.12531077595495,0.419467534573677,0.613494440614941,0.0347704617331445,0.0340930078652833,0.500169666070489,0.000762524046062686,0.000169666070489061,0.0281463619272896,0.958,32,31.9995
