"cause","intercept","y","X","Z1","Z2","Z3","Z4","Z5"
1,1,NA,0.5,0.242821465589316,0.256978084375023,0.242821465589316,0.256978084375023,NA
1,1,NA,NA,0.242821465589316,0.242821465589316,0.256978084375023,0.256978084375023,NA
0,NA,NA,NA,NA,NA,NA,NA,NA
0,NA,NA,NA,NA,NA,NA,NA,NA
0,NA,NA,NA,NA,NA,NA,NA,NA
0,NA,NA,NA,NA,NA,NA,NA,NA
0,NA,NA,NA,NA,NA,NA,NA,NA
