"","X","Z_LL","Z_LH","Z_HL","Z_HH","Z_dummy"
"linear",0,0,0,0,0,0
"linear_no_Z",0,0,0,0,0,0
"stepwise",0,1.33333333333326e-07,1.29166666666662e-07,9.89583333333231e-08,9.89583333333231e-08,0
"stepwise_X",0,3.99999999999993e-07,2.29166666666662e-07,1.62499999999998e-07,5.62499999999975e-07,0
"two_step_LASSO",0,0,0,0,0,0
"two_step_LASSO_X",0,0,0,0,0,0
