"","X","Z_LL","Z_LH","Z_HL","Z_HH","Z_dummy"
"linear",1,1,1,1,1,1
"stepwise",1,0.98728125,0.9873125,0.98778125,0.98678125,0.172
"stepwise_X",1,0.958125,0.9595,0.95746875,0.95715625,0.178
"two_step_LASSO",1,0.9998125,0.9998125,0.99971875,0.99984375,0.8705
"two_step_LASSO_X",1,0.9988125,0.99821875,0.998875,0.9986875,0.862
