"","intercept","X","Z_LL","Z_LH","Z_HL","Z_HH","Z_dummy"
"true_values",1,0.5,0.153093108923949,0.153093108923949,0.153093108923949,0.153093108923949,NA
"linear",0.997837282833756,0.501340756295412,0.152627757568076,0.15269300545195,0.153159961680753,0.152807129324539,0.000646225210182521
"linear_no_Z",0.399301244030672,1.10019401381509,0,0,0,0,9.97170361880524e-05
"stepwise",0.997778102017333,0.501406616678132,0.152609085173387,0.152669214657906,0.153141465098539,0.152791171842447,-0.000274511954224049
"stepwise_X",0.997656503558449,0.501564099929887,0.152468240174262,0.152579941753907,0.153049411402892,0.152673107254036,0.000155711242115366
"two_step_LASSO",0.997833113800916,0.50134519057514,0.15262701465966,0.152691980200697,0.153158999656662,0.152806385374823,0.000650167522992023
"two_step_LASSO_X",0.997833918149077,0.501341149455198,0.152629666372172,0.152691160397111,0.153155817725804,0.152805380645571,0.000429132302723239
