"","intercept","X","Z1","Z2","Z3","Z4","Z5","Z6","Z7","Z8","Z9","Z10","Z11","Z12","Z13","Z14","Z15","Z16","Z17"
"true_values",1,0.5,0.204124145231932,0.204124145231932,0.204124145231932,0.204124145231932,0.204124145231932,0.204124145231932,0.204124145231932,0.204124145231932,0.204124145231932,0.204124145231932,0.204124145231932,0.204124145231932,0.204124145231932,0.204124145231932,0.204124145231932,0.204124145231932,NA
"linear",1.00203772178531,0.500549413187558,0.202379360601681,0.203562388285593,0.202949575498108,0.204108122536693,0.204752396738786,0.204470446162759,0.203033955680803,0.204107322976464,0.203498447309317,0.202841276590654,0.205714329084673,0.204405006536505,0.206190348100726,0.204294641103322,0.202171884026219,0.203641864963518,-0.000186627364780055
"stepwise",1.001997220987,0.500589454984448,0.202364251201326,0.203572395924276,0.202879813732171,0.204064199593024,0.204724430722441,0.204475156526456,0.202979652944949,0.204126042448966,0.203507440564485,0.202781894413316,0.205642394080591,0.204382264021292,0.206162501205944,0.204276573591458,0.202192259051809,0.203624797825285,0.000396435209004686
"stepwise_X",1.00204455579209,0.500531672444593,0.202141778979487,0.203593031845188,0.202907113452516,0.204085595550331,0.204766205465926,0.204455286640163,0.20301383508976,0.20408838591221,0.203494362657392,0.202804736448267,0.205650714541161,0.204413252188162,0.206157764688714,0.204301909684674,0.202194980613416,0.20364793344298,-8.54758920363795e-05
"two_step_LASSO",1.00203822098379,0.500552957036539,0.202374654423555,0.203559723567966,0.202941584100431,0.204101597207349,0.204746495781706,0.204468097980573,0.203025521916403,0.204107636452294,0.203495382216356,0.202831138137138,0.205704985633601,0.204404629154127,0.20618638283323,0.204291216502972,0.202170962484265,0.203639018417188,-0.000101918176459872
"two_step_LASSO_X",1.00204486734773,0.500548165735656,0.202363730742991,0.203554910304066,0.202935582421797,0.20409899834104,0.204745397818668,0.204460141435349,0.203023009408712,0.204109460639172,0.203490842589829,0.202818399505809,0.205698288335675,0.20439368311011,0.206180714829011,0.204306388434804,0.202154176430826,0.203651534919014,-0.00103069968681714
