"","pred_mse","r_squared_X","r_squared_Y","model_SE","emp_SE","causal_true_val","causal_effect_est","causal_effect_bias","causal_effect_mcse","avg_abs_param_bias","coverage","open_paths","blocked_paths"
"linear",0.844769381228072,0.625646742572251,0.812915365593697,0.0311630971470582,0.0308481672477124,0.5,0.501340756295412,0.00134075629541151,1.54240836238562e-05,0.0253575975159062,0.953,64,64
"linear_no_Z",1.4987682940262,0.625646742572251,0.668191090278047,0.0245650717285046,0.0250290397539234,0.5,1.10019401381509,0.600194013815086,1.25145198769617e-05,0.164631256864974,0,64,0
"stepwise",0.845151387048595,0.625646742572251,0.812830745206733,0.0311358230942271,0.0309111717504194,0.5,0.501406616678132,0.00140661667813245,1.54555858752097e-05,0.0251377205711031,0.952,64,63.986
"stepwise_X",0.846386961640159,0.625646742572251,0.812556018334698,0.0311708218229173,0.0308710233607521,0.5,0.501564099929887,0.00156409992988671,1.54355116803761e-05,0.02512887462853,0.954,64,63.961
"two_step_LASSO",0.844770006003138,0.625646742572251,0.812915229536302,0.0311594878168397,0.0308491151194325,0.5,0.50134519057514,0.00134519057513971,1.54245575597162e-05,0.0253544205935636,0.953,64,64
"two_step_LASSO_X",0.844887826622242,0.625646742572251,0.812889354149375,0.0311629772814977,0.0308489930006706,0.5,0.501341149455198,0.00134114945519801,1.54244965003353e-05,0.0253051940573485,0.953,64,64
