"","X","Z_LL","Z_LH","Z_HL","Z_HH","Z_dummy"
"linear",1,1,1,1,1,1
"stepwise",1,0.997,0.9966875,0.9965,0.9964375,0.1575
"stepwise_X",1,0.998875,0.9988125,0.9988125,0.999375,0.182
"two_step_LASSO",1,0.9999375,1,0.999875,0.999875,0.8325
"two_step_LASSO_X",1,0.9999375,1,1,1,0.805
