"","intercept","X","Z_LL","Z_LH","Z_HL","Z_HH","Z_dummy"
"true_values",1,0.5,0.204124145231932,0.204124145231932,0.204124145231932,0.204124145231932,NA
"linear",1.00203772178531,0.500549413187558,0.203249861730519,0.204091030389703,0.204114764880287,0.204074684548446,-0.000186627364780055
"stepwise",1.001997220987,0.500589454984448,0.203220165112699,0.204076320660703,0.204078498269921,0.204064032918624,0.000396435209004686
"stepwise_X",1.00204455579209,0.500531672444593,0.20318187995688,0.204080928277015,0.204090766458745,0.204075647107446,-8.54758920363795e-05
"two_step_LASSO",1.00203822098379,0.500552957036539,0.203244389824825,0.204086938032744,0.204109033785305,0.204071895059414,-0.000101918176459872
"two_step_LASSO_X",1.00204486734773,0.500548165735656,0.203238305452473,0.204084502325475,0.204100303385356,0.204073203653414,-0.00103069968681714
