"","X","Z_LL","Z_LH","Z_HL","Z_HH","Z_dummy"
"linear",1,1,1,1,1,1
"stepwise",1,0.60665625,0.6060625,0.60546875,0.60296875,0.16
"stepwise_X",1,0.6029375,0.60259375,0.602,0.601625,0.187
"two_step_LASSO",1,0.91465625,0.91571875,0.91734375,0.91640625,0.725
"two_step_LASSO_X",1,0.91221875,0.909375,0.90840625,0.91290625,0.6965
