"","X","Z_LL","Z_LH","Z_HL","Z_HH","Z_dummy"
"linear",0,0,0,0,0,0
"linear_no_Z",0,0,0,0,0,0
"stepwise",0,2.14489583333334e-05,1.11958333333333e-05,1.23958333333333e-05,0,0
"stepwise_X",0,2.83229166666673e-06,1.74895833333334e-06,1.39583333333332e-06,0,0
"two_step_LASSO",0,7.33333333333335e-07,5.65625000000005e-07,6.49999999999997e-07,0,0
"two_step_LASSO_X",0,4.06249999999911e-08,0,2.91666666666602e-08,0,0
