"","X","Z_LL","Z_LH","Z_HL","Z_HH","Z_dummy"
"linear",1,1,1,1,1,1
"stepwise",1,0.56778125,0.5699375,0.56528125,0.56628125,0.185
"stepwise_X",1,0.59971875,0.60125,0.60296875,0.60265625,0.176
"two_step_LASSO",1,0.88871875,0.88678125,0.88840625,0.88778125,0.6725
"two_step_LASSO_X",1,0.91234375,0.91278125,0.91146875,0.9131875,0.708
