"","X","Z_LL","Z_LH","Z_HL","Z_HH","Z_dummy"
"linear",1,1,1,1,1,1
"stepwise",1,0.92384375,0.92378125,0.924625,0.92434375,0.1715
"stepwise_X",1,0.958875,0.9574375,0.95915625,0.958,0.178
"two_step_LASSO",1,0.99690625,0.9968125,0.99753125,0.99678125,0.8775
"two_step_LASSO_X",1,0.99871875,0.9984375,0.9988125,0.99871875,0.852
