"","X","Z_LL","Z_LH","Z_HL","Z_HH","Z_dummy"
"linear",1,1,1,1,1,1
"stepwise",1,0.98753125,0.986125,0.9878125,0.98640625,0.1705
"stepwise_X",1,0.95803125,0.95859375,0.959125,0.957,0.171
"two_step_LASSO",1,0.9996875,0.99978125,0.9996875,0.99975,0.8805
"two_step_LASSO_X",1,0.998625,0.99890625,0.99871875,0.99884375,0.8405
