"","pred_mse","r_squared_X","r_squared_Y","model_SE","emp_SE","causal_effect_est","causal_effect_mcse","causal_effect_bias","avg_abs_param_bias","coverage","open_paths","blocked_paths"
"linear",1.14477184777463,0.410133387482073,0.606473182558461,0.034511238173357,0.0344229204999268,0.500174197064612,0.000769902546124343,0.000174197064611816,0.0284725541241958,0.9535,16,16
"stepwise",1.14527671995559,0.410133387482073,0.60629963339874,0.0344895296036791,0.0344181487175989,0.500171361468399,0.000769796136157212,0.000171361468399371,0.0275447504447173,0.9535,16,16
"stepwise_X",1.14574395919665,0.410133387482073,0.606138849059942,0.0345039175966419,0.0344159469203438,0.500162645194104,0.000769747835558862,0.000162645194103558,0.0272419982609822,0.954,16,16
"two_step_LASSO",1.1447810601973,0.410133387482073,0.606470004500316,0.0345025815688615,0.0344227280487783,0.500177662910682,0.000769897845464828,0.000177662910681504,0.0284048713816988,0.9535,16,16
"two_step_LASSO_X",1.14509767198815,0.410133387482073,0.606361012387148,0.0345111723297123,0.0344200141048002,0.500171778946218,0.000769837811887964,0.000171778946217969,0.0280686599630069,0.9535,16,16
