"","X","Z_LL","Z_LH","Z_HL","Z_HH","Z_dummy"
"linear",0,0,0,0,0,0
"stepwise",0,2.71428571428575e-06,5.13839285714278e-06,9.28571428571446e-07,1.67410714285715e-06,0
"stepwise_X",0,1.12500000000001e-06,6.38392857142843e-07,4.24107142857135e-07,4.10714285714263e-07,0
"two_step_LASSO",0,3.12499999999931e-08,0,5.35714285714168e-08,5.35714285714168e-08,0
"two_step_LASSO_X",0,3.12499999999931e-08,0,0,0,0
