"","intercept","X","Z1","Z2","Z3","Z4","Z5","Z6","Z7","Z8","Z9","Z10","Z11","Z12","Z13","Z14","Z15","Z16","Z17"
"true_values",1,0.5,0.204124145231932,0.204124145231932,0.204124145231932,0.204124145231932,0.204124145231932,0.204124145231932,0.204124145231932,0.204124145231932,0.204124145231932,0.204124145231932,0.204124145231932,0.204124145231932,0.204124145231932,0.204124145231932,0.204124145231932,0.204124145231932,NA
"linear",1.00015031632447,0.500174197064612,0.203537698668706,0.203774065736983,0.204585743815631,0.204419266089276,0.204080275991584,0.203616578869403,0.203805872257388,0.204306766851357,0.203511714832909,0.203523359153094,0.204896565089043,0.204156420112376,0.204099803219439,0.203026134663599,0.202713955733179,0.205179048890071,0.000348365842907175
"stepwise",1.00015218225115,0.500171361468399,0.203531821475337,0.20378287098977,0.20459151096456,0.204410998044139,0.204111586578506,0.203604087288434,0.203769371427377,0.204299622447823,0.20347968986235,0.203523567450438,0.204886915422041,0.204127680008115,0.204104385886413,0.203029848938947,0.202729949927008,0.205213582356094,2.57242483180966e-05
"stepwise_X",1.00019563643208,0.500162645194104,0.203521361780591,0.203777772434112,0.204558735850869,0.204413776482608,0.204103567512779,0.203616774159448,0.203774026782555,0.204288371016629,0.203481625395014,0.203514969775148,0.204900402603032,0.204142657901214,0.204107199631016,0.203046266018876,0.202740553008422,0.205211869273025,-0.000474152283639252
"two_step_LASSO",1.00014676245635,0.500177662910681,0.203533450965644,0.203768694146388,0.204583729301588,0.204414253035796,0.204076146665733,0.203615079498456,0.203798746462392,0.20430663555321,0.203504559237389,0.203519898813475,0.204891111581608,0.204152991959571,0.204093651162299,0.203024279746783,0.202709771291253,0.20517757761817,0.000467708932121389
"two_step_LASSO_X",1.00016540849779,0.500171778946218,0.203531756078599,0.203783879511332,0.204564440428685,0.204421265908379,0.204085331944357,0.203618800330516,0.203798101199013,0.204309479179523,0.203506187205483,0.203518787456557,0.204906923117213,0.204168614618969,0.204084431005951,0.203023374865556,0.202725507385938,0.205187685049215,0.000395065755241533
