"","pred_mse","r_squared_X","r_squared_Y","model_SE","emp_SE","data_odds_ratio","model_odds_ratio","causal_true_val","causal_effect_est","causal_effect_bias","causal_effect_mcse","avg_abs_param_bias","coverage","open_paths","blocked_paths"
"linear",9.14886382070329,0.123603514610064,-6.37613984654247,0.168669879011505,0.178840642707581,2.88273143558981,1.64351244388884,0.5,0.481195306982932,-0.0188046930170683,0.00178840642707581,0.0867834162002514,0.92,4,4
"linear_no_Z",5.82329516449498,0.123603514610064,-1.59642440305943,0.150863658465234,0.149330603096525,2.88273143558981,2.88634628439745,0.5,1.04897074515684,0.548970745156836,0.00149330603096525,0.456957683485983,0.05,4,0
"stepwise",9.13761469897524,0.123603514610064,-6.35644295813474,0.168542313224869,0.179224926026765,2.88273143558981,1.64315093984662,0.5,0.480910282036254,-0.0190897179637461,0.00179224926026765,0.0812759381839496,0.92,4,4
"stepwise_X",9.07875063735472,0.123603514610064,-6.32045389834572,0.168470570710627,0.178429440013036,2.88273143558981,1.64180450092225,0.5,0.480224931170806,-0.0197750688291942,0.00178429440013036,0.0773032981347178,0.92,4,4
"two_step_LASSO",0.158384198157425,0.123603514610064,0.16742096149772,0.028846213220584,0.0333798281413946,2.88273143558981,1.09969294347677,0.5,0.0944799973155001,-0.4055200026845,0.000333798281413946,0.346065292627581,0,4,4
"two_step_LASSO_X",0.158471011846619,0.123603514610064,0.166967291026043,0.0288591034790054,0.0333667707551806,2.88273143558981,1.09969833326449,0.5,0.094485363031374,-0.405514636968626,0.000333667707551806,0.345544763513865,0,4,4
