"","pred_mse","r_squared_X","r_squared_Y","model_SE","emp_SE","causal_true_val","causal_effect_est","causal_effect_bias","causal_effect_mcse","avg_abs_param_bias","coverage","open_paths","blocked_paths"
"linear",0.172808075627344,0.123717638789201,0.137736491429651,0.0301134398587049,0.0320285491714089,0.5,0.0864225071374875,-0.413577492862512,1.60142745857044e-05,0.3530195373155,0,4,4
"linear_no_Z",0.191832917866265,0.123717638789201,0.0428908632403943,0.0296514859686123,0.0320558726267987,0.5,0.193138202523457,-0.306861797476543,1.60279363133993e-05,0.38950830095837,0,4,0
"stepwise",0.172879154557323,0.123717638789201,0.137381892635142,0.0300941980624566,0.0320039408464871,0.5,0.0864422448197315,-0.413557755180268,1.60019704232435e-05,0.352101549656291,0,4,3.999
"stepwise_X",0.172964801238693,0.123717638789201,0.136954476247059,0.0301075734132286,0.0320177657122818,0.5,0.0864376415854949,-0.413562358414505,1.60088828561409e-05,0.351707236202302,0,4,4
"two_step_LASSO",0.172817881825221,0.123717638789201,0.137687636822279,0.0301003041226936,0.0320217189731239,0.5,0.0864249644247553,-0.413575035575245,1.6010859486562e-05,0.3527619681926,0,4,4
"two_step_LASSO_X",0.172895349363142,0.123717638789201,0.137300722315153,0.030113054360115,0.0320209032634485,0.5,0.0864269191676895,-0.413573080832311,1.60104516317243e-05,0.352298438325321,0,4,4
