"","X","Z_LL","Z_LH","Z_HL","Z_HH","Z_dummy"
"linear",0,0,0,0,0,0
"stepwise",0,2.29166666666663e-07,4.99999999999964e-07,3.95833333333311e-07,8.3333333333315e-08,0
"stepwise_X",0,2.50000000000001e-07,0,0,0,0
"two_step_LASSO",0,6.24999999999862e-08,0,6.24999999999862e-08,0,0
"two_step_LASSO_X",0,0,0,0,0,0
