"","pred_mse","r_squared_X","r_squared_Y","model_SE","emp_SE","causal_true_val","causal_effect_est","causal_effect_bias","causal_effect_mcse","avg_abs_param_bias","coverage","open_paths","blocked_paths"
"linear",1.20657947162377,0.404788393300152,0.6614536054663,0.0327366458778767,0.0326097780309187,0.5,0.699641028283482,0.199641028283482,1.63048890154594e-05,0.0619511993850202,0,64,48
"linear_no_Z",1.56783815359403,0.404788393300152,0.560162685860351,0.0280916218248933,0.0277042946892203,0.5,1.00024143317166,0.500241433171658,1.38521473446101e-05,0.13478401286056,0,64,0
"stepwise",1.21360605331199,0.404788393300152,0.659479574505784,0.0316959566915379,0.036931465539091,0.5,0.715714348291249,0.215714348291249,1.84657327695455e-05,0.0655044676240271,0,64,43.096
"stepwise_X",1.21745031300857,0.404788393300152,0.658391580203827,0.0328266278764229,0.0327403607602864,0.5,0.702428889350809,0.202428889350809,1.63701803801432e-05,0.0630801771744341,0,64,47.046
"two_step_LASSO",1.20659400124665,0.404788393300152,0.66144953805414,0.0326659438492601,0.0326708576113964,0.5,0.699786219566905,0.199786219566905,1.63354288056982e-05,0.0619755416339604,0,64,47.739
"two_step_LASSO_X",1.20697552462456,0.404788393300152,0.661343122298817,0.0327389388594573,0.0326139739612366,0.5,0.699648862520296,0.199648862520296,1.63069869806183e-05,0.0619081356452304,0,64,47.9785
