"","pred_mse","r_squared_X","r_squared_Y","model_SE","emp_SE","causal_true_val","causal_effect_est","causal_effect_bias","causal_effect_mcse","avg_abs_param_bias","coverage","open_paths","blocked_paths"
"linear",0.900320695494504,0.601321569021336,0.800710608613098,0.0302171709293961,0.0305228381924453,0.5,0.499488825848185,-0.000511174151814811,1.52614190962226e-05,0.0281449145442015,0.9475,4,4
"linear_no_Z",1.50273663967459,0.601321569021336,0.66744541700284,0.0245978330635933,0.0244915424385019,0.5,1.09975410433157,0.599754104331572,1.22457712192509e-05,0.525754736300914,0,4,0
"stepwise",0.900707704895729,0.601321569021336,0.800624855717023,0.0301976285377314,0.0305102894784816,0.5,0.499487526608227,-0.000512473391772771,1.52551447392408e-05,0.0259632318118636,0.9465,4,4
"stepwise_X",0.901124314831667,0.601321569021336,0.800532829375235,0.0302111986597273,0.0305169457866968,0.5,0.499485112078043,-0.000514887921956549,1.52584728933484e-05,0.0251555767817175,0.947,4,4
"two_step_LASSO",0.900366031238131,0.601321569021336,0.800700587963776,0.0302041543184779,0.0305229500263571,0.5,0.499498173705864,-0.000501826294135647,1.52614750131786e-05,0.0275899652349578,0.9475,4,4
"two_step_LASSO_X",0.900746872343697,0.601321569021336,0.800616292017725,0.030216533569369,0.0305229092987755,0.5,0.49948771293274,-0.000512287067260275,1.52614546493878e-05,0.0265451519921402,0.947,4,4
