"","intercept","X","Z1","Z2","Z3","Z4","Z5"
"true_values",1,0.5,0.5,0.5,0.5,0.5,NA
"linear",0.998909604674426,0.501788497778149,0.499927344413878,0.500016083174974,0.500265741136256,0.500087330163649,-0.000439425830730772
"linear_no_Z",0.498406099991043,1.24287861469539,0,0,0,0,-1.59081973747218e-06
"stepwise",0.998939393363662,0.501753158203276,0.499948449165413,0.500026711113496,0.500261125427369,0.500105882676637,0.000388479213008739
"stepwise_X",0.998910670392991,0.50176846369373,0.499935959079474,0.500014749017391,0.500256453907562,0.500084390314036,0.000422164502667678
"two_step_LASSO",0.998907259895995,0.501789986363008,0.499920162473512,0.500015001024137,0.500265069056959,0.500070394535601,-0.000163615538352265
"two_step_LASSO_X",0.998889742260004,0.501795409477579,0.499926187290247,0.500022573914681,0.500254076680866,0.50009534865112,0.000543425237481863
