"","pred_mse","r_squared_X","r_squared_Y","model_SE","emp_SE","causal_true_val","causal_effect_est","causal_effect_bias","causal_effect_mcse","avg_abs_param_bias","coverage","open_paths","blocked_paths"
"linear",1.06587464451199,0.124723204564087,0.533813441941796,0.0748206173315959,0.0741367849610156,0.5,0.501788497778149,0.00178849777814899,3.70683924805078e-05,0.0342453112868894,0.948,4,4
"linear_no_Z",1.94638765229186,0.124723204564087,0.149351194380086,0.0944353169966416,0.0939097899689688,0.5,1.24287861469539,0.742878614695392,4.69548949844844e-05,0.468569005908099,0,4,0
"stepwise",1.06633948781314,0.124723204564087,0.53361024195339,0.0747729666630775,0.0741455543034978,0.5,0.501753158203276,0.00175315820327569,3.70727771517489e-05,0.0318465063468873,0.9475,4,4
"stepwise_X",1.06680294403944,0.124723204564087,0.533407210147795,0.0748053236432464,0.0741903856937575,0.5,0.50176846369373,0.00176846369372952,3.70951928468787e-05,0.0310513751931109,0.9475,4,4
"two_step_LASSO",1.06593742100552,0.124723204564087,0.533786003734834,0.0747872418578551,0.0741457882482666,0.5,0.501789986363008,0.00178998636300778,3.70728941241333e-05,0.0335792221422922,0.9475,4,4
"two_step_LASSO_X",1.06639968850653,0.124723204564087,0.533584469997775,0.0748191718986206,0.0741452921142786,0.5,0.501795409477579,0.00179540947757885,3.70726460571393e-05,0.0324503619206259,0.948,4,4
