"","X","Z_LL","Z_LH","Z_HL","Z_HH","Z_dummy"
"linear",0,0,0,0,0,0
"stepwise",0,3.25072916666668e-05,3.16989583333334e-05,1.58291666666666e-05,3.14989583333335e-05,0
"stepwise_X",0,2.2715625e-05,2.66072916666668e-05,2.335e-05,3.11666666666666e-05,0
"two_step_LASSO",0,5.57291666666671e-07,1.26250000000001e-06,2.04062499999996e-06,1.26249999999996e-06,0
"two_step_LASSO_X",0,2.83333333333343e-07,4.40625000000002e-07,4.65625e-07,3.23958333333333e-07,0
