"","intercept","X","Z_LL","Z_LH","Z_HL","Z_HH","Z_dummy"
"true_values",1,0.5,0.144337567297406,0.144337567297406,0.144337567297406,0.144337567297406,NA
"linear",1.00069797085732,0.50034999763008,0.144075956295356,0.144981187295138,0.144243908283164,0.143945961873577,-0.00169137555371387
"stepwise",0.992794476197761,0.508206275726809,0.138971082123492,0.140073036333277,0.13913116000056,0.138666171229244,-0.00158863018865527
"stepwise_X",0.995181359237297,0.506032826157525,0.134835568110452,0.134832249062567,0.134487054695129,0.134266998254251,-0.000408044051500824
"two_step_LASSO",1.00063210234715,0.500416552021573,0.144024537208974,0.144933862434461,0.144199624221386,0.143902723151599,-0.00162108717709191
"two_step_LASSO_X",1.00069581711443,0.500385076452897,0.14358981017498,0.144365349295181,0.143600553302177,0.143401821784541,-0.00149481792943014
