"","X","Z_LL","Z_LH","Z_HL","Z_HH","Z_dummy"
"linear",1,1,1,1,1,1
"linear_no_Z",1,0,0,0,0,1
"stepwise",1,0.98703125,0.988375,0.98825,0.9878125,0.1715
"stepwise_X",1,0.99334375,0.99234375,0.9924375,0.99265625,0.178
"two_step_LASSO",1,0.99946875,0.999625,0.99965625,0.99984375,0.8905
"two_step_LASSO_X",1,1,0.9999375,0.999875,0.99990625,0.8575
