"","X","Z_LL","Z_LH","Z_HL","Z_HH","Z_dummy"
"linear",1,1,1,1,0,1
"linear_no_Z",1,0,0,0,0,1
"stepwise",1,0.89928125,0.89828125,0.8959375,0,0.1625
"stepwise_X",1,0.9806875,0.97903125,0.98065625,0,0.174
"two_step_LASSO",1,0.9948125,0.994125,0.99475,0,0.8515
"two_step_LASSO_X",1,0.99971875,0.99940625,0.99953125,0,0.8465
