"","X","Z_LL","Z_LH","Z_HL","Z_HH","Z_dummy"
"linear",1,1,1,1,1,1
"stepwise",1,0.684171875,0.684953125,0.684578125,0.68453125,0.197
"stepwise_X",1,0.7785625,0.781390625,0.781671875,0.7788125,0.2085
"two_step_LASSO",1,0.96678125,0.966484375,0.9664375,0.96790625,0.8405
"two_step_LASSO_X",1,0.9823125,0.982140625,0.983609375,0.982859375,0.8515
