"","intercept","X","Z1","Z2","Z3","Z4","Z5","Z6","Z7","Z8","Z9","Z10","Z11","Z12","Z13","Z14","Z15","Z16","Z17"
"true_values",1,0.5,0.204124145231932,0.204124145231932,0.204124145231932,0.204124145231932,0.204124145231932,0.204124145231932,0.204124145231932,0.204124145231932,0.204124145231932,0.204124145231932,0.204124145231932,0.204124145231932,0.204124145231932,0.204124145231932,0.204124145231932,0.204124145231932,NA
"linear",0.998877716600773,0.502697358392976,0.202103676888881,0.204294253676623,0.194180098453926,0.207916095691514,0.200220060228586,0.210826818460359,0.197800226966917,0.20028771209718,0.193026520612422,0.201336767288662,0.200325647865685,0.204047905341438,0.205365395151479,0.191351960505031,0.205995275775409,0.220571828723035,-0.00502880813323538
"stepwise",0.998864721349267,0.502701452601923,0.202305751192966,0.204465845517729,0.193881364633346,0.20776109718945,0.200602801216505,0.210800953166448,0.197914308173277,0.20008740559633,0.19335887256521,0.201296004996895,0.200274749769158,0.20394711202488,0.205485040819859,0.191670039189126,0.205498833389675,0.22074088075929,0
"stepwise_X",0.999239406777855,0.502311290711899,0.202350672019136,0.204255300297321,0.194078821429944,0.207947368422583,0.200315622219196,0.211011749573976,0.197792366242529,0.200342134417156,0.193237232072301,0.201371470790027,0.200133166906943,0.203978737491187,0.205612370128239,0.191602996261909,0.206021817802392,0.220463214789331,0.00230119937903367
"two_step_LASSO",0.998919046091959,0.502656798463021,0.202101838572241,0.204275159137443,0.194199895391112,0.207920311410874,0.20022227136373,0.210875204729612,0.197808974031201,0.200333493923687,0.193034989100394,0.201328960097684,0.200336653129791,0.204052966092373,0.205403612016178,0.191353719823221,0.20598863042582,0.220602262370179,-0.00606125939220333
"two_step_LASSO_X",0.998895520032634,0.502712274125339,0.202058513364189,0.204219951323759,0.194141211511727,0.207858895627532,0.200096856421945,0.210800771121553,0.197782035865503,0.200274503494463,0.193044752664884,0.201354800670783,0.200314409776869,0.20401061741412,0.205382521772972,0.191285668467654,0.206025873249301,0.220612977989162,-0.0067352096242691
