"","pred_mse","r_squared_X","r_squared_Y","model_SE","emp_SE","causal_effect_est","causal_effect_mcse","causal_effect_bias","avg_abs_param_bias","coverage","open_paths","blocked_paths"
"linear",1.08879053473949,0.438028763317474,0.625867136078282,0.0353725122512934,0.0348283653218165,0.501498415669546,0.000778259426285917,0.00149841566954649,0.0286035975980005,0.954,64,64
"stepwise",1.09519335030232,0.438028763317474,0.623663592865901,0.0344252612772138,0.0429034795667027,0.517384453930491,0.000877285287105648,0.0173844539304912,0.0312188197350781,0.881,64,59.1455
"stepwise_X",1.11814426492234,0.438028763317474,0.615767104370346,0.0357155800651448,0.0364973635022248,0.510007865456,0.000785021155715902,0.0100078654559996,0.0314781847744907,0.944,64,61.3355
"two_step_LASSO",1.08879905027288,0.438028763317474,0.625864192021001,0.0353239836454314,0.0348601965434369,0.501599966192876,0.000778870994213526,0.00159996619287618,0.0286146614224924,0.9525,64,63.8085
"two_step_LASSO_X",1.08993924482442,0.438028763317474,0.625470428608213,0.0353866758284307,0.0348312712160748,0.501512796419946,0.000778310564252467,0.00151279641994622,0.0286389585930265,0.9535,64,63.915
