"","intercept","X","Z_LL","Z_LH","Z_HL","Z_HH","Z_dummy"
"true_values",1,0.5,0.102062072615966,0.102062072615966,0.102062072615966,0.102062072615966,NA
"linear",1.00048260009515,0.500266691354261,0.102167759555855,0.101914441132463,0.102149363169405,0.102169717744008,0.00187912609841251
"stepwise",0.969473114012112,0.531241287018843,0.0814558141877137,0.0816698815803009,0.0812919129535247,0.0817792578082275,0.00198860451358799
"stepwise_X",0.971764403134544,0.528771267231297,0.0607919086772024,0.0597992996976072,0.0602777987358241,0.0610620832207814,0.000295367187843321
"two_step_LASSO",0.997949426557682,0.502767300829225,0.10039749900806,0.10023374187518,0.100382817226343,0.100405985282754,0.00203709096009893
"two_step_LASSO_X",0.999050247084152,0.501411470047369,0.0925997775443588,0.0924497893311064,0.0929228540494548,0.0929610002460945,0.00155990587472663
