"","X","Z_LL","Z_LH","Z_HL","Z_HH","Z_dummy"
"linear",1,1,1,1,1,1
"stepwise",1,0.56821875,0.5686875,0.568,0.57184375,0.1805
"stepwise_X",1,0.6040625,0.5951875,0.59940625,0.60478125,0.189
"two_step_LASSO",1,0.89128125,0.88890625,0.88946875,0.88890625,0.684
"two_step_LASSO_X",1,0.9101875,0.90828125,0.912,0.9131875,0.7155
