"","pred_mse","r_squared_X","r_squared_Y","model_SE","emp_SE","causal_effect_est","causal_effect_mcse","causal_effect_bias","avg_abs_param_bias","coverage","open_paths","blocked_paths"
"linear",3.17436160351472,0.209345479312517,0.320077284585861,0.0315390367702145,0.0318112786368748,0.250187799902569,0.000711487313276363,0.000187799902568639,0.0480652994069253,0.947,64,64
"stepwise",3.24212659621449,0.209345479312517,0.305549744381225,0.0299629470959114,0.0440632251051453,0.278360415486691,0.000754262405222776,0.028360415486691,0.0639250999978383,0.8125,64,38.698
"stepwise_X",3.50147759770494,0.209345479312517,0.250041897297604,0.0323339126152829,0.0429752397744585,0.27855579339134,0.000718315346627262,0.0285557933913403,0.0687401737739518,0.8615,64,38.5055
"two_step_LASSO",3.17630541679005,0.209345479312517,0.319658940659692,0.0311222364899478,0.0323615982518287,0.251706289620015,0.000722801514654949,0.00170628962001507,0.0487914496237297,0.9385,64,58.6755
"two_step_LASSO_X",3.24828296636139,0.209345479312517,0.304235734512279,0.0317932103917735,0.0319489452207722,0.251258846667628,0.00071402389172396,0.00125884666762767,0.0525486199229811,0.948,64,58.3965
