"","X","Z_LL","Z_LH","Z_HL","Z_HH","Z_dummy"
"linear",1,1,1,1,1,1
"stepwise",1,0.645875,0.6525625,0.64775,0.6508125,0.182
"stepwise_X",1,0.6568125,0.65428125,0.65390625,0.6480625,0.1735
"two_step_LASSO",1,0.9419375,0.94190625,0.94115625,0.94353125,0.75
"two_step_LASSO_X",1,0.9408125,0.9415,0.94259375,0.9405,0.7415
