"","X","Z_LL","Z_LH","Z_HL","Z_HH","Z_dummy"
"linear",0,0,0,0,0,0
"stepwise",0,0.000142990625,0.000124729166666667,0.000135248958333334,0.000122582291666667,0
"stepwise_X",0,5.65958333333335e-05,0.000104640625,0.000129,0.000175316666666667,0
"two_step_LASSO",0,4.33239583333334e-05,4.90656250000002e-05,3.89572916666667e-05,4.14406250000002e-05,0
"two_step_LASSO_X",0,5.23322916666666e-05,3.63833333333335e-05,2.84072916666667e-05,4.86739583333335e-05,0
