"","pred_mse","r_squared_X","r_squared_Y","model_SE","emp_SE","causal_effect_est","causal_effect_mcse","causal_effect_bias","avg_abs_param_bias","coverage","open_paths","blocked_paths"
"linear",2.41099711836191,0.24706948502254,0.472620140694614,0.0333114867536796,0.033443058475757,0.50034999763008,0.000747955580038532,0.000349997630080459,0.0406880444509419,0.946,32,32
"stepwise",2.41910761148079,0.24706948502254,0.470841213464036,0.032866301411347,0.0362289854207394,0.508206275726809,0.000789246264792626,0.00820627572680878,0.0439504460236219,0.925,32,29.37
"stepwise_X",2.45757087400594,0.24706948502254,0.462405319794728,0.0335377003066134,0.0342345515711531,0.506032826157525,0.000753716663820147,0.00603282615752462,0.0459169976666834,0.943,32,30.001
"two_step_LASSO",2.41102448510081,0.24706948502254,0.472614138398533,0.0332769458222687,0.0334652310518411,0.500416552021573,0.000748434475398614,0.000416552021572536,0.0406824286733436,0.946,32,31.849
"two_step_LASSO_X",2.41434492730976,0.24706948502254,0.471885671576464,0.0333288217862593,0.0334485547881666,0.500385076452897,0.000748069897173205,0.000385076452897263,0.0408026589543014,0.9455,32,31.884
