"","pred_mse","r_squared_X","r_squared_Y","model_SE","emp_SE","causal_true_val","causal_effect_est","causal_effect_bias","causal_effect_mcse","avg_abs_param_bias","coverage","open_paths","blocked_paths"
"linear",1.30392690437801,0.0935603760960767,0.428699405056748,0.0812859926574069,0.0808052776157103,0.5,0.706451039048965,0.206451039048965,4.04026388078552e-05,0.139183413419145,0.28,4,3
"linear_no_Z",1.9424389498473,0.0935603760960767,0.149491107565501,0.0943523173060499,0.0941486492902261,0.5,1.2423008313674,0.742300831367405,4.70743246451131e-05,0.46855117788014,0,4,0
"stepwise",1.30446427986226,0.0935603760960767,0.42846405847783,0.0812331036536434,0.0808054888709496,0.5,0.706463977267524,0.206463977267524,4.04027444354748e-05,0.136640416317011,0.2805,4,3
"stepwise_X",1.30497714000014,0.0935603760960767,0.428240314486836,0.0812672109092159,0.0807695189004315,0.5,0.706455591104877,0.206455591104877,4.03847594502158e-05,0.135813533454551,0.28,4,3
"two_step_LASSO",1.30402524141685,0.0935603760960767,0.428656328430709,0.0812460609860991,0.0808078880435627,0.5,0.706464802912189,0.206464802912189,4.04039440217814e-05,0.138312836961539,0.28,4,3
"two_step_LASSO_X",1.30456493396789,0.0935603760960767,0.428420752718282,0.0812815889932776,0.0808014624395502,0.5,0.706433660669294,0.206433660669294,4.04007312197751e-05,0.137110753715338,0.28,4,3
