"","X","Z_LL","Z_LH","Z_HL","Z_HH","Z_dummy"
"linear",0,0,0,0,0,0
"stepwise",0,3.56239583333333e-05,3.03656250000001e-05,3.89166666666669e-05,4.11906249999999e-05,0
"stepwise_X",0,8.51666666666675e-06,1.44625e-05,2.28906250000001e-05,4.96666666666662e-06,0
"two_step_LASSO",0,9.73958333333321e-07,9.62500000000013e-07,1.34895833333334e-06,6.98958333333331e-07,0
"two_step_LASSO_X",0,6.32291666666686e-07,1.42916666666665e-06,4.95833333333338e-07,4.98958333333323e-07,0
