"","pred_mse","r_squared_X","r_squared_Y","model_SE","emp_SE","data_odds_ratio","model_odds_ratio","causal_true_val","causal_effect_est","causal_effect_bias","causal_effect_mcse","avg_abs_param_bias","coverage","open_paths","blocked_paths"
"linear",1.27145379784787,0.245321829289128,0.463778686196237,0.0109662835518899,0.0124904426558373,NA,1.74099446554776,0.5,0.554379305178143,0.0543793051781428,0.000124904426558373,0.06158968383324,0.01,4,3
"linear_no_Z",1.50417214665209,0.245321829289128,0.365632927939715,0.0103604630122512,0.0105702225931071,NA,2.19539223149962,0.5,0.78630541412173,0.28630541412173,0.000105702225931071,0.226148680408886,0,4,0
"stepwise",1.27150262928248,0.245321829289128,0.463758088203953,0.010965697158508,0.0124903810107215,NA,1.74099809014472,0.5,0.554381387737335,0.0543813877373348,0.000124903810107215,0.0608553899588321,0.01,4,3
"stepwise_X",1.27156056323742,0.245321829289128,0.463733755895263,0.010966079917631,0.0124890523342914,NA,1.74101620118731,0.5,0.554391807681521,0.0543918076815209,0.000124890523342914,0.0605110242952026,0.01,4,3
"two_step_LASSO",1.27145379784787,0.245321829289128,0.463778686196237,0.0109662835518899,0.0124904426558373,NA,1.74099446554776,0.5,0.554379305178143,0.0543793051781428,0.000124904426558373,0.06158968383324,0.01,4,3
"two_step_LASSO_X",1.27145379784787,0.245321829289128,0.463778686196237,0.0109662835518899,0.0124904426558373,NA,1.74099446554776,0.5,0.554379305178143,0.0543793051781428,0.000124904426558373,0.06158968383324,0.01,4,3
