"","pred_mse","r_squared_X","r_squared_Y","model_SE","emp_SE","causal_effect_est","causal_effect_mcse","causal_effect_bias","avg_abs_param_bias","coverage","open_paths","blocked_paths"
"linear",6.15737329500606,0.230094013655257,0.342504519122463,0.0317880279604096,0.0312630896774154,0.251430467891432,0.000698506424098665,0.0014304678914317,0.0665203721267554,0.957,64,64
"stepwise",6.27985582442718,0.230094013655257,0.329408267728277,0.0302240388281181,0.0452516546798913,0.280313403091435,0.000751456762412207,0.0303134030914352,0.0872247070651331,0.806,64,41.552
"stepwise_X",6.77468270230676,0.230094013655257,0.276596854979802,0.0326322331516672,0.0435227674752872,0.279889003991663,0.000707594311312508,0.0298890039916635,0.095365543206894,0.853,64,41.809
"two_step_LASSO",6.15942250496679,0.230094013655257,0.34228390637833,0.0314594080121961,0.0317342729920517,0.252485560069876,0.000707596907446793,0.00248556006987614,0.0671552173868164,0.949,64,60.2965
"two_step_LASSO_X",6.26602810920331,0.230094013655257,0.330885196825996,0.0319925264980258,0.0313043793396543,0.252111410631791,0.000698567859280312,0.00211141063179082,0.0713036845678266,0.959,64,60.2465
