"","X","Z_LL","Z_LH","Z_HL","Z_HH","Z_dummy"
"linear",1,1,1,1,1,1
"stepwise",1,0.92540625,0.92478125,0.9241875,0.92421875,0.174
"stepwise_X",1,0.95803125,0.95859375,0.959125,0.957,0.171
"two_step_LASSO",1,0.99734375,0.9969375,0.99709375,0.9969375,0.877
"two_step_LASSO_X",1,0.998625,0.99890625,0.99871875,0.99884375,0.8405
