"","intercept","X","Z1","Z2","Z3","Z4","Z5"
"true_values",1,0.5,0.5,0.5,0.5,0.5,NA
"linear",1.01723962734529,0.503121975702764,0.501616791867699,0.524859051007173,0.521241443477144,0.50965633558425,-2.17998704707909e-06
"linear_no_Z",0.425300656360993,1.06962287847666,0,0,0,0,-0.000747529543492191
"stepwise",1.01644953752415,0.503195972172698,0.501245604296947,0.524680524292377,0.520817670684255,0.509392017627858,-0.000523258670240031
"stepwise_X",1.01639721605729,0.502414653424538,0.50079596883302,0.524492129426387,0.520799516681984,0.509492022335414,-0.00105141127240293
"two_step_LASSO",0.424887708034227,1.06829793622372,0,0,0,0,0
"two_step_LASSO_X",0.681845418535108,0.0973750599166276,0.0758641739248914,0.0798854820328355,0.0790871949939816,0.0774581456608757,-0.00105352392517076
