"cause","intercept","y","X","Z1","Z2","Z3","Z4","Z5"
1,1,NA,0.5,0.612372435695794,0.612372435695794,0.612372435695794,0.612372435695794,NA
1,1,NA,NA,0.612372435695794,0.612372435695794,0.612372435695794,0.612372435695794,NA
0,NA,NA,NA,NA,NA,NA,NA,NA
0,NA,NA,NA,NA,NA,NA,NA,NA
0,NA,NA,NA,NA,NA,NA,NA,NA
0,NA,NA,NA,NA,NA,NA,NA,NA
0,NA,NA,NA,NA,NA,NA,NA,NA
