"","intercept","X","Z_LL","Z_LH","Z_HL","Z_HH","Z_dummy"
"true_values",1,0.25,0.102062072615966,0.102062072615966,0.102062072615966,0.102062072615966,NA
"linear",0.999388336634942,0.250187799902569,0.102096248911249,0.102083941616629,0.101866434652849,0.10179789650714,0.00175060622166208
"stepwise",0.971112946697354,0.278360415486691,0.0833976633673558,0.0838053776467481,0.0831733179807825,0.0831590846618054,0.00144530192648484
"stepwise_X",0.970767651462214,0.27855579339134,0.0604565082592515,0.0606684604153756,0.0604421542316749,0.0608597216076146,6.92082076448023e-05
"two_step_LASSO",0.99792795617519,0.251706289620015,0.101013727489219,0.101057539258114,0.100810281065344,0.100731663414424,0.00176683820652484
"two_step_LASSO_X",0.998230205562067,0.251258846667628,0.0928612231427793,0.0929026928066894,0.0926367102706229,0.0927535660599712,0.00146123302167821
