"","X","Z_LL","Z_LH","Z_HL","Z_HH","Z_dummy"
"linear",1,1,1,1,0,1
"linear_no_Z",1,0,0,0,0,1
"stepwise",1,0.95453125,0.9564375,0.9569375,0,0.1845
"stepwise_X",1,0.99571875,0.99596875,0.9960625,0,0.195
"two_step_LASSO",1,0.99825,0.99821875,0.998375,0,0.868
"two_step_LASSO_X",1,0.99990625,1,0.9999375,0,0.8565
