"","intercept","X","Z_LL","Z_LH","Z_HL","Z_HH","Z_dummy"
"true_values",1,0.5,0.153093108923949,0.153093108923949,0.153093108923949,0.153093108923949,NA
"linear",0.727261360220227,0.772483348268257,0.111034755715033,0.111422912803898,0.111387591085536,0,0.000475522231837287
"linear_no_Z",0.400985192564087,1.09896910678051,0,0,0,0,0.000358027983651682
"stepwise",0.71937158537948,0.780393449690468,0.108298488213545,0.108737342160194,0.108711989516973,0,-0.000192818226299796
"stepwise_X",0.726627351201762,0.773119557869699,0.11047037023889,0.110900444276861,0.110857796832688,0,0.000192905791823029
"two_step_LASSO",0.727202398029098,0.77254110083508,0.111014336808955,0.111403561459035,0.111368432663337,0,0.0004773242188364
"two_step_LASSO_X",0.727247728622203,0.772485366430855,0.1110204310386,0.111420270174584,0.111381687237495,0,0.000575809912688241
