"","intercept","X","Z_LL","Z_LH","Z_HL","Z_HH","Z_dummy"
"true_values",1,0.5,0.204124145231932,0.204124145231932,0.204124145231932,0.204124145231932,NA
"linear",0.998877716600773,0.502697358392976,0.202123531177736,0.202283704438261,0.199684210277052,0.205821115038739,-0.00502880813323538
"stepwise",0.998864721349267,0.502701452601923,0.202103514633373,0.20235136703814,0.199719184839036,0.205848698539488,0
"stepwise_X",0.999239406777855,0.502311290711899,0.202158040542246,0.202365468113214,0.199680151815115,0.205925099745468,0.00230119937903367
"two_step_LASSO",0.998919046091959,0.502656798463021,0.202124301127917,0.202309986012058,0.19968839210506,0.205837056158849,-0.00606125939220333
"two_step_LASSO_X",0.998895520032634,0.502712274125339,0.202069642956802,0.202238541725866,0.199681145131664,0.205826760369772,-0.0067352096242691
