"","pred_mse","r_squared_X","r_squared_Y","model_SE","emp_SE","causal_true_val","causal_effect_est","causal_effect_bias","causal_effect_mcse","avg_abs_param_bias","coverage","open_paths","blocked_paths"
"linear",0.999909674760757,0.531601650646372,0.71929219359579,0.033898003683787,0.0333539754122536,0.5,0.501435953983853,0.00143595398385289,1.66769877061268e-05,0.0274761984623075,0.954,64,64
"linear_no_Z",1.56627643994931,0.531601650646372,0.560419639143273,0.0280894506593082,0.027573121077849,0.5,1.0006135586435,0.500613558643499,1.37865605389245e-05,0.134800801300787,0,64,0
"stepwise",1.00129863792927,0.531601650646372,0.718901193391749,0.0336632658820519,0.0346660727557443,0.5,0.504763761322326,0.00476376132232616,1.73330363778721e-05,0.0277534134756756,0.941,64,63.2235
"stepwise_X",1.00788915809486,0.531601650646372,0.717047105243872,0.0339912358228246,0.0335330426968775,0.5,0.503397536578372,0.00339753657837251,1.67665213484387e-05,0.0278913084858511,0.9525,64,63.5325
"two_step_LASSO",0.999911187690472,0.531601650646372,0.719291768028703,0.0338873895932092,0.0333614919696581,0.5,0.501451882203551,0.00145188220355093,1.66807459848291e-05,0.0274744040351337,0.954,64,63.9775
"two_step_LASSO_X",1.00011557328168,0.531601650646372,0.719234658095503,0.0338987857726805,0.033353872621209,0.5,0.501436937981073,0.00143693798107289,1.66769363106045e-05,0.0274273515335794,0.954,64,63.9955
