"","X","Z_LL","Z_LH","Z_HL","Z_HH","Z_dummy"
"linear",0,0,0,0,0,0
"linear_no_Z",0,0,0,0,0,0
"stepwise",0,8.81562500000009e-06,5.78333333333334e-06,6.86666666666665e-06,7.02916666666664e-06,0
"stepwise_X",0,3.75729166666665e-06,2.59062499999999e-06,4.46249999999997e-06,5.49062500000001e-06,0
"two_step_LASSO",0,4.48958333333321e-07,1.83333333333319e-07,1.23958333333325e-07,5.72916666666541e-08,0
"two_step_LASSO_X",0,0,2.91666666666602e-08,8.33333333333279e-08,4.0624999999991e-08,0
