"","intercept","X","Z_LL","Z_LH","Z_HL","Z_HH","Z_dummy"
"true_values",1,0.5,0.204124145231932,0.204124145231932,0.204124145231932,0.204124145231932,NA
"linear",1.00015031632447,0.500174197064612,0.204079193577649,0.203952373492433,0.204022014796855,0.203754735626572,0.000348365842907175
"stepwise",1.00015218225115,0.500171361468399,0.204079300368451,0.203946166935535,0.204004463185736,0.203769441777115,2.57242483180966e-05
"stepwise_X",1.00019563643208,0.500162645194104,0.204067911637045,0.203945684867853,0.204009913918602,0.203776471982835,-0.000474152283639252
"two_step_LASSO",1.00014676245635,0.500177662910681,0.204075031862354,0.203949152044948,0.204017140398011,0.203751319954626,0.000467708932121389
"two_step_LASSO_X",1.00016540849779,0.500171778946218,0.204075335481749,0.203952928163352,0.204025128099555,0.203755249576665,0.000395065755241533
