"","pred_mse","r_squared_X","r_squared_Y","model_SE","emp_SE","data_odds_ratio","model_odds_ratio","causal_true_val","causal_effect_est","causal_effect_bias","causal_effect_mcse","avg_abs_param_bias","coverage","open_paths","blocked_paths"
"linear",1.21856894774222,0.284994252256429,0.485386502790336,0.0110410609206261,0.0100594134859042,NA,1.64902443329064,0.5,0.500133806383314,0.000133806383313784,0.000100594134859042,0.00958426551323265,0.98,4,4
"linear_no_Z",1.50511680684328,0.284994252256429,0.364399761817801,0.0103741556754628,0.0104522816916935,NA,2.19316440881319,0.5,0.785291377534478,0.285291377534478,0.000104522816916935,0.225717462211515,0,4,0
"stepwise",1.21861911322649,0.284994252256429,0.485365345766964,0.0110404574837692,0.0100539828987847,NA,1.64901460650272,0.5,0.500127901682709,0.00012790168270903,0.000100539828987847,0.00881060539820178,0.98,4,4
"stepwise_X",1.21866297550452,0.284994252256429,0.485346953849203,0.0110408458531914,0.0100572875748585,NA,1.64901979393376,0.5,0.500131014122846,0.000131014122845891,0.000100572875748585,0.00856954721751577,0.98,4,4
"two_step_LASSO",1.21856894774222,0.284994252256429,0.485386502790336,0.0110410609206261,0.0100594134859042,NA,1.64902443329064,0.5,0.500133806383314,0.000133806383313784,0.000100594134859042,0.00958426551323265,0.98,4,4
"two_step_LASSO_X",1.21856894774222,0.284994252256429,0.485386502790336,0.0110410609206261,0.0100594134859042,NA,1.64902443329064,0.5,0.500133806383314,0.000133806383313784,0.000100594134859042,0.00958426551323265,0.98,4,4
