"","intercept","X","Z1","Z2","Z3","Z4","Z5"
"true_values",1,0.5,0.5,0.5,0.5,0.5,NA
"linear",0.860133670065777,0.706451039048965,0.48372157107587,0.48273706451914,0.481950048138898,0,-0.00106277833921741
"linear_no_Z",0.497885723440606,1.2423008313674,0,0,0,0,-0.00106091438067295
"stepwise",0.860112814724066,0.706463977267524,0.483727604470133,0.482723691681062,0.481961500314582,0,-0.000564371538733415
"stepwise_X",0.860131047624869,0.706455591104877,0.483721366238324,0.482739164703428,0.481983545574786,0,4.01683428525049e-06
"two_step_LASSO",0.860117325605816,0.706464802912189,0.483707632503305,0.482728755404113,0.481938426213792,0,-0.000558966824103224
"two_step_LASSO_X",0.860148210023343,0.706433660669294,0.4837271800734,0.482745226421,0.481994282685717,0,-0.000374416292956484
