"","X","Z_LL","Z_LH","Z_HL","Z_HH","Z_dummy"
"linear",1,1,1,1,1,1
"stepwise",1,0.604625,0.60871875,0.6025625,0.60271875,0.1865
"stepwise_X",1,0.59971875,0.60125,0.60296875,0.60265625,0.176
"two_step_LASSO",1,0.91640625,0.9163125,0.91809375,0.91640625,0.726
"two_step_LASSO_X",1,0.91234375,0.91278125,0.91146875,0.9131875,0.708
