"","pred_mse","r_squared_X","r_squared_Y","model_SE","emp_SE","causal_effect_est","causal_effect_mcse","causal_effect_bias","avg_abs_param_bias","coverage","open_paths","blocked_paths"
"linear",1.79787822608578,0.297336903487576,0.519610540701348,0.0334803416042018,0.0342573713631125,0.500549413187558,0.000766111142113732,0.000549413187557621,0.0351052229042671,0.946,16,16
"stepwise",1.79865860714713,0.297336903487576,0.519402027257342,0.0334567316430419,0.0343009602976961,0.500589454984448,0.00076707131955729,0.000589454984447954,0.0339987390236262,0.9445,16,15.993
"stepwise_X",1.79951330096044,0.297336903487576,0.519175112726414,0.0334736747527178,0.034273773328998,0.500531672444593,0.000766484298860581,0.000531672444592741,0.0335482285985139,0.945,16,15.999
"two_step_LASSO",1.79789454732025,0.297336903487576,0.519606190265082,0.033471382815796,0.0342578142135157,0.500552957036539,0.000766119772852083,0.00055295703653899,0.0350114358085439,0.946,16,15.999
"two_step_LASSO_X",1.79835630788762,0.297336903487576,0.51948386085351,0.0334800062421363,0.034257392182458,0.500548165735656,0.000766112054842358,0.000548165735656183,0.0346155215236664,0.946,16,16
