"","X","Z_LL","Z_LH","Z_HL","Z_HH","Z_dummy"
"linear",0,0,0,0,0,0
"stepwise",0,0.000157165625,0.000121829166666666,6.05656249999997e-05,0.000130598958333333,0
"stepwise_X",0,0.000151398958333333,0.0001294,0.000102815625,6.40572916666668e-05,0
"two_step_LASSO",0,4.76656250000002e-05,2.45322916666667e-05,3.13406250000001e-05,6.16322916666665e-05,0
"two_step_LASSO_X",0,5.54572916666668e-05,3.77656250000003e-05,2.09156250000001e-05,4.03625e-05,0
