"","X","Z_LL","Z_LH","Z_HL","Z_HH","Z_dummy"
"linear",0,0,0,0,0,0
"stepwise",0,2.99285714285714e-05,4.39821428571432e-05,5.49821428571428e-05,2.59285714285714e-05,0
"stepwise_X",0,9.95982142857137e-06,2.77812499999999e-05,2.08571428571427e-05,3.73392857142853e-05,0
"two_step_LASSO",0,1.64285714285715e-06,2.74553571428572e-06,1.42410714285712e-06,1.69642857142853e-06,0
"two_step_LASSO_X",0,1.92857142857143e-06,6.25000000000021e-07,1.07142857142859e-06,1.96428571428576e-07,0
